{"assets":[{"id":"4","layers":[{"ind":3,"ty":4,"ks":{},"ip":0,"op":241,"st":0,"shapes":[{"ty":"rc","p":{"a":0,"k":[214.5,149.5]},"r":{"a":0,"k":0},"s":{"a":0,"k":[429,299]}},{"ty":"fl","c":{"a":0,"k":[0,0,0,0]},"o":{"a":0,"k":0}}]},{"ind":0,"ty":4,"ks":{"s":{"a":0,"k":[133.33,133.33]}},"ip":0,"op":241,"st":0,"shapes":[{"ty":"gr","it":[{"ty":"gr","it":[{"ty":"sh","ks":{"a":0,"k":{"c":true,"i":[[0,0],[0.98,-0.59],[0,0],[0,1.23]],"o":[[-0.45,0.82],[0,0],[1.39,-0.9],[0,0]],"v":[[188.77,42.67],[186.57,44.8],[186.57,53.49],[188.77,50.2]]}}},{"ty":"sh","ks":{"a":0,"k":{"c":true,"i":[[0,0],[1.66,-0.96],[0,0],[0,0],[0,0],[0,1.32],[0,0]],"o":[[0,1.55],[0,0],[0,0],[0,0],[1.6,-0.92],[0,0],[0,0]],"v":[[189.21,50.2],[186.46,54.07],[186.13,54.27],[186.13,44.55],[186.23,44.49],[188.77,41],[189.21,41]]}}},{"ty":"fl","c":{"a":0,"k":[0.25,0.05,0,1]},"o":{"a":0,"k":100}},{"ty":"tr","o":{"a":0,"k":100}}]},{"ty":"gr","it":[{"ty":"sh","ks":{"a":0,"k":{"c":true,"i":[[0,0],[1.63,-0.94],[0,0],[0,1.44]],"o":[[0,1.44],[0,0],[1.63,-0.94],[0,0]],"v":[[188.98,41],[186.34,44.68],[186.34,53.88],[188.98,50.2]]}}},{"ty":"gf","e":{"a":0,"k":[186.37,47.33]},"g":{"p":2,"k":{"a":0,"k":[0,1,0.55,0.4,1,1,0.85,0.8,0,1,1,1]}},"t":1,"o":{"a":0,"k":100},"s":{"a":0,"k":[188.99,47.11]}},{"ty":"tr","o":{"a":0,"k":100}}]},{"ty":"gr","it":[{"ty":"sh","ks":{"a":0,"k":{"c":true,"i":[[0,0],[0,0],[2.34,0],[1.8,1.04],[0,0],[0,0],[0,0],[-2.28,0],[-1.72,0.99],[0,0]],"o":[[0,0],[-1.8,1.04],[-2.34,0],[0,0],[0,0],[0,0],[1.72,0.99],[2.28,0],[0,0],[0,0]],"v":[[167.45,65.05],[167.33,65.11],[160.85,66.67],[154.36,65.11],[154.25,65.05],[154.25,55.34],[154.59,55.53],[160.85,57.02],[167.11,55.53],[167.45,55.34]]}}},{"ty":"sh","ks":{"a":0,"k":{"c":true,"i":[[0,0],[2.2,0],[1.75,0.92],[0,0],[-2.23,0],[-1.7,0.95]],"o":[[-1.75,0.92],[-2.2,0],[0,0],[1.71,0.95],[2.23,0],[0,0]],"v":[[167,56.09],[160.85,57.47],[154.7,56.09],[154.7,64.79],[160.85,66.23],[167,64.79]]}}},{"ty":"fl","c":{"a":0,"k":[0.25,0.05,0,1]},"o":{"a":0,"k":100}},{"ty":"tr","o":{"a":0,"k":100}}]},{"ty":"gr","it":[{"ty":"sh","ks":{"a":0,"k":{"c":true,"i":[[0,0],[-3.52,2.03],[0,0],[3.52,2.03]],"o":[[3.52,2.03],[0,0],[-3.52,2.03],[0,0]],"v":[[154.47,55.72],[167.22,55.72],[167.22,64.92],[154.47,64.92]]}}},{"ty":"gf","e":{"a":0,"k":[154.47,61.08]},"g":{"p":3,"k":{"a":0,"k":[0,1,0.86,0.84,0.5,1,0.92,0.9,1,1,0.85,0.8,0,1,0.5,1,1,1]}},"t":1,"o":{"a":0,"k":100},"s":{"a":0,"k":[167.22,61.08]}},{"ty":"tr","o":{"a":0,"k":100}}]},{"ty":"gr","it":[{"ty":"sh","ks":{"a":0,"k":{"c":true,"i":[[0,0],[0,0],[-1.5,-0.86],[0,0],[0,0],[0,0],[0,1.55],[0,0]],"o":[[0,0],[0.11,1.23],[0,0],[0,0],[0,0],[-1.66,-0.96],[0,0],[0,0]],"v":[[132.93,41],[132.94,41.25],[135.46,44.49],[135.57,44.55],[135.57,54.27],[135.24,54.07],[132.49,50.2],[132.49,41]]}}},{"ty":"sh","ks":{"a":0,"k":{"c":true,"i":[[0,0],[-1.39,-0.9],[0,0],[0.45,0.82]],"o":[[0,1.23],[0,0],[-0.98,-0.59],[0,0]],"v":[[132.93,50.2],[135.13,53.49],[135.13,44.8],[132.93,42.67]]}}},{"ty":"fl","c":{"a":0,"k":[0.25,0.05,0,1]},"o":{"a":0,"k":100}},{"ty":"tr","o":{"a":0,"k":100}}]},{"ty":"gr","it":[{"ty":"sh","ks":{"a":0,"k":{"c":true,"i":[[0,0],[-1.63,-0.94],[0,0],[0,1.44]],"o":[[0,1.44],[0,0],[-1.63,-0.94],[0,0]],"v":[[132.71,41],[135.35,44.68],[135.35,53.88],[132.71,50.2]]}}},{"ty":"gf","e":{"a":0,"k":[132.73,47.33]},"g":{"p":2,"k":{"a":0,"k":[0,1,0.78,0.71,1,1,0.55,0.4,0,1,1,1]}},"t":1,"o":{"a":0,"k":100},"s":{"a":0,"k":[135.36,47.11]}},{"ty":"tr","o":{"a":0,"k":100}}]},{"ty":"gr","it":[{"ty":"sh","ks":{"a":0,"k":{"c":true,"i":[[0,0],[0,0],[0,0],[0,0]],"o":[[0,0],[0,0],[0,0],[0,0]],"v":[[186.54,44.35],[186.54,53.99],[167.03,65.25],[167.03,55.61]]}}},{"ty":"sh","ks":{"a":0,"k":{"c":true,"i":[[0,0],[0,0],[0,0],[0,0]],"o":[[0,0],[0,0],[0,0],[0,0]],"v":[[167.41,64.59],[186.15,53.77],[186.15,45.01],[167.41,55.83]]}}},{"ty":"fl","c":{"a":0,"k":[0.29,0,0,1]},"o":{"a":0,"k":100}},{"ty":"tr","o":{"a":0,"k":100}}]},{"ty":"gr","it":[{"ty":"sh","ks":{"a":0,"k":{"c":true,"i":[[0,0],[0,0],[0,0],[0,0]],"o":[[0,0],[0,0],[0,0],[0,0]],"v":[[167.22,55.72],[186.34,44.68],[186.34,53.88],[167.22,64.92]]}}},{"ty":"gf","e":{"a":0,"k":[176.76,65.59]},"g":{"p":2,"k":{"a":0,"k":[0,1,0.78,0.71,1,1,0.85,0.8,0,1,1,1]}},"t":1,"o":{"a":0,"k":100},"s":{"a":0,"k":[186.39,49.02]}},{"ty":"tr","o":{"a":0,"k":100}}]},{"ty":"gr","it":[{"ty":"sh","ks":{"a":0,"k":{"c":true,"i":[[0,0],[0,0],[0,0],[0,0]],"o":[[0,0],[0,0],[0,0],[0,0]],"v":[[154.66,55.61],[154.66,65.25],[135.16,53.99],[135.16,44.35]]}}},{"ty":"sh","ks":{"a":0,"k":{"c":true,"i":[[0,0],[0,0],[0,0],[0,0]],"o":[[0,0],[0,0],[0,0],[0,0]],"v":[[135.54,53.77],[154.28,64.59],[154.28,55.83],[135.54,45.01]]}}},{"ty":"fl","c":{"a":0,"k":[0.25,0.05,0,1]},"o":{"a":0,"k":100}},{"ty":"tr","o":{"a":0,"k":100}}]},{"ty":"gr","it":[{"ty":"sh","ks":{"a":0,"k":{"c":true,"i":[[0,0],[0,0],[0,0],[0,0]],"o":[[0,0],[0,0],[0,0],[0,0]],"v":[[135.35,44.68],[154.47,55.72],[154.47,64.92],[135.35,53.88]]}}},{"ty":"gf","e":{"a":0,"k":[144.93,65.63]},"g":{"p":2,"k":{"a":0,"k":[0,1,0.85,0.8,1,1,0.78,0.71,0,1,1,1]}},"t":1,"o":{"a":0,"k":100},"s":{"a":0,"k":[154.52,60.11]}},{"ty":"tr","o":{"a":0,"k":100}}]},{"ty":"gr","it":[{"ty":"sh","ks":{"a":0,"k":{"c":true,"i":[[0,0],[3.42,1.97],[0,0],[3.42,-1.97],[0,0],[-3.41,-1.97],[0,0],[-3.41,1.97]],"o":[[3.42,-1.97],[0,0],[-3.41,-1.97],[0,0],[-3.41,1.97],[0,0],[3.42,1.97],[0,0]],"v":[[186.15,44.57],[186.15,37.43],[167.03,26.39],[154.66,26.39],[135.54,37.43],[135.54,44.57],[154.66,55.61],[167.03,55.61]]}}},{"ty":"sh","ks":{"a":0,"k":{"c":true,"i":[[0,0],[3.63,2.09],[0,0],[-3.63,2.09],[0,0],[-3.62,-2.09],[0,0],[3.63,-2.09]],"o":[[-3.62,2.09],[0,0],[-3.62,-2.09],[0,0],[3.63,-2.09],[0,0],[3.63,2.09],[0,0]],"v":[[167.41,55.83],[154.28,55.83],[135.16,44.79],[135.16,37.21],[154.28,26.17],[167.41,26.17],[186.54,37.21],[186.54,44.79]]}}},{"ty":"fl","c":{"a":0,"k":[0.25,0.05,0,1]},"o":{"a":0,"k":100}},{"ty":"tr","o":{"a":0,"k":100}}]},{"ty":"gr","it":[{"ty":"sh","ks":{"a":0,"k":{"c":true,"i":[[0,0],[-3.52,-2.04],[0,0],[3.52,-2.03],[0,0],[3.52,2.03],[0,0],[-3.52,2.03]],"o":[[3.52,-2.04],[0,0],[3.52,2.03],[0,0],[-3.52,2.03],[0,0],[-3.52,-2.03],[0,0]],"v":[[154.47,26.28],[167.22,26.28],[186.35,37.32],[186.35,44.68],[167.22,55.72],[154.47,55.72],[135.35,44.68],[135.35,37.32]]}}},{"ty":"fl","c":{"a":0,"k":[1,0.86,0.84,1]},"o":{"a":0,"k":100}},{"ty":"tr","o":{"a":0,"k":100}}]},{"ty":"gr","it":[{"ty":"sh","ks":{"a":0,"k":{"c":true,"i":[[0,0],[2.19,-1.29],[0,0],[0,2.51]],"o":[[-0.74,1.86],[0,0],[2.85,-1.74],[0,0]],"v":[[213.78,50.77],[209.23,55.56],[209.23,72.42],[213.78,65.86]]}}},{"ty":"sh","ks":{"a":0,"k":{"c":true,"i":[[0,0],[3.12,-1.8],[0,0],[0,0],[0,0],[0,2.6],[0,0]],"o":[[0,2.83],[0,0],[0,0],[0,0],[3.05,-1.76],[0,0],[0,0]],"v":[[214.22,65.86],[209.12,73],[208.79,73.2],[208.79,55.31],[208.9,55.25],[213.78,48.49],[214.22,48.49]]}}},{"ty":"fl","c":{"a":0,"k":[0.25,0.05,0,1]},"o":{"a":0,"k":100}},{"ty":"tr","o":{"a":0,"k":100}}]},{"ty":"gr","it":[{"ty":"sh","ks":{"a":0,"k":{"c":true,"i":[[0,0],[3.08,-1.78],[0,0],[0,2.71]],"o":[[0,2.71],[0,0],[3.08,-1.78],[0,0]],"v":[[214,48.49],[209.01,55.44],[209.01,72.81],[214,65.86]]}}},{"ty":"gf","e":{"a":0,"k":[209.06,60.44]},"g":{"p":2,"k":{"a":0,"k":[0,1,0.55,0.4,1,1,0.85,0.8,0,1,1,1]}},"t":1,"o":{"a":0,"k":100},"s":{"a":0,"k":[214.01,60.02]}},{"ty":"tr","o":{"a":0,"k":100}}]},{"ty":"gr","it":[{"ty":"sh","ks":{"a":0,"k":{"c":true,"i":[[0,0],[0,0],[4.39,0],[3.37,1.94],[0,0],[0,0],[0,0],[-4.33,0],[-3.28,1.89],[0,0]],"o":[[0,0],[-3.37,1.94],[-4.38,0],[0,0],[0,0],[0,0],[3.28,1.89],[4.33,0],[0,0],[0,0]],"v":[[173.13,93.79],[173.02,93.85],[160.87,96.76],[148.72,93.85],[148.61,93.79],[148.61,75.9],[148.94,76.09],[160.87,78.95],[172.79,76.09],[173.13,75.9]]}}},{"ty":"sh","ks":{"a":0,"k":{"c":true,"i":[[0,0],[4.24,0],[3.32,1.82],[0,0],[-4.28,0],[-3.27,1.85]],"o":[[-3.32,1.82],[-4.24,0],[0,0],[3.27,1.85],[4.28,0],[0,0]],"v":[[172.68,76.66],[160.87,79.39],[149.05,76.66],[149.05,93.53],[160.87,96.32],[172.68,93.53]]}}},{"ty":"fl","c":{"a":0,"k":[0.25,0.05,0,1]},"o":{"a":0,"k":100}},{"ty":"tr","o":{"a":0,"k":100}}]},{"ty":"gr","it":[{"ty":"sh","ks":{"a":0,"k":{"c":true,"i":[[0,0],[-6.64,3.84],[0,0],[6.65,3.84]],"o":[[6.65,3.84],[0,0],[-6.64,3.84],[0,0]],"v":[[148.83,76.29],[172.9,76.29],[172.9,93.66],[148.83,93.66]]}}},{"ty":"gf","e":{"a":0,"k":[148.83,86.41]},"g":{"p":3,"k":{"a":0,"k":[0,1,0.86,0.84,0.5,1,0.92,0.9,1,1,0.85,0.8,0,1,0.5,1,1,1]}},"t":1,"o":{"a":0,"k":100},"s":{"a":0,"k":[172.9,86.41]}},{"ty":"tr","o":{"a":0,"k":100}}]},{"ty":"gr","it":[{"ty":"sh","ks":{"a":0,"k":{"c":true,"i":[[0,0],[0,0],[-2.95,-1.7],[0,0],[0,0],[0,0],[0,2.83],[0,0]],"o":[[0,0],[0.11,2.51],[0,0],[0,0],[0,0],[-3.11,-1.8],[0,0],[0,0]],"v":[[107.95,48.49],[107.96,48.73],[112.83,55.25],[112.94,55.31],[112.94,73.2],[112.61,73],[107.51,65.86],[107.51,48.49]]}}},{"ty":"sh","ks":{"a":0,"k":{"c":true,"i":[[0,0],[-2.84,-1.74],[0,0],[0.74,1.86]],"o":[[0,2.51],[0,0],[-2.19,-1.29],[0,0]],"v":[[107.95,65.86],[112.5,72.42],[112.5,55.56],[107.95,50.77]]}}},{"ty":"fl","c":{"a":0,"k":[0.25,0.05,0,1]},"o":{"a":0,"k":100}},{"ty":"tr","o":{"a":0,"k":100}}]},{"ty":"gr","it":[{"ty":"sh","ks":{"a":0,"k":{"c":true,"i":[[0,0],[-3.08,-1.78],[0,0],[0,2.71]],"o":[[0,2.71],[0,0],[-3.08,-1.78],[0,0]],"v":[[107.73,48.49],[112.72,55.44],[112.72,72.81],[107.73,65.86]]}}},{"ty":"gf","e":{"a":0,"k":[107.78,60.44]},"g":{"p":2,"k":{"a":0,"k":[0,1,0.78,0.71,1,1,0.55,0.4,0,1,1,1]}},"t":1,"o":{"a":0,"k":100},"s":{"a":0,"k":[112.73,60.02]}},{"ty":"tr","o":{"a":0,"k":100}}]},{"ty":"gr","it":[{"ty":"sh","ks":{"a":0,"k":{"c":true,"i":[[0,0],[0,0],[0,0],[0,0]],"o":[[0,0],[0,0],[0,0],[0,0]],"v":[[209.2,55.11],[209.2,72.92],[172.71,93.99],[172.71,76.18]]}}},{"ty":"sh","ks":{"a":0,"k":{"c":true,"i":[[0,0],[0,0],[0,0],[0,0]],"o":[[0,0],[0,0],[0,0],[0,0]],"v":[[173.09,93.33],[208.82,72.7],[208.82,55.77],[173.09,76.4]]}}},{"ty":"fl","c":{"a":0,"k":[0.29,0,0,1]},"o":{"a":0,"k":100}},{"ty":"tr","o":{"a":0,"k":100}}]},{"ty":"gr","it":[{"ty":"sh","ks":{"a":0,"k":{"c":true,"i":[[0,0],[0,0],[0,0],[0,0]],"o":[[0,0],[0,0],[0,0],[0,0]],"v":[[172.9,76.29],[209.01,55.44],[209.01,72.81],[172.9,93.66]]}}},{"ty":"gf","e":{"a":0,"k":[190.91,94.91]},"g":{"p":2,"k":{"a":0,"k":[0,1,0.78,0.71,1,1,0.85,0.8,0,1,1,1]}},"t":1,"o":{"a":0,"k":100},"s":{"a":0,"k":[209.1,63.63]}},{"ty":"tr","o":{"a":0,"k":100}}]},{"ty":"gr","it":[{"ty":"sh","ks":{"a":0,"k":{"c":true,"i":[[0,0],[0,0],[0,0],[0,0]],"o":[[0,0],[0,0],[0,0],[0,0]],"v":[[149.02,76.17],[149.02,93.99],[112.53,72.92],[112.53,55.11]]}}},{"ty":"sh","ks":{"a":0,"k":{"c":true,"i":[[0,0],[0,0],[0,0],[0,0]],"o":[[0,0],[0,0],[0,0],[0,0]],"v":[[112.91,72.7],[148.64,93.33],[148.64,76.39],[112.91,55.77]]}}},{"ty":"fl","c":{"a":0,"k":[0.25,0.05,0,1]},"o":{"a":0,"k":100}},{"ty":"tr","o":{"a":0,"k":100}}]},{"ty":"gr","it":[{"ty":"sh","ks":{"a":0,"k":{"c":true,"i":[[0,0],[0,0],[0,0],[0,0]],"o":[[0,0],[0,0],[0,0],[0,0]],"v":[[112.72,55.44],[148.83,76.29],[148.83,93.66],[112.72,72.81]]}}},{"ty":"gf","e":{"a":0,"k":[130.81,95]},"g":{"p":2,"k":{"a":0,"k":[0,1,0.85,0.8,1,1,0.78,0.71,0,1,1,1]}},"t":1,"o":{"a":0,"k":100},"s":{"a":0,"k":[148.91,84.57]}},{"ty":"tr","o":{"a":0,"k":100}}]},{"ty":"gr","it":[{"ty":"sh","ks":{"a":0,"k":{"c":true,"i":[[0,0],[6.54,3.78],[0,0],[6.54,-3.78],[0,0],[-6.54,-3.78],[0,0],[-6.54,3.78]],"o":[[6.54,-3.78],[0,0],[-6.54,-3.78],[0,0],[-6.54,3.78],[0,0],[6.54,3.78],[0,0]],"v":[[208.82,55.33],[208.82,41.65],[172.71,20.8],[149.02,20.8],[112.91,41.65],[112.91,55.33],[149.02,76.18],[172.71,76.18]]}}},{"ty":"sh","ks":{"a":0,"k":{"c":true,"i":[[0,0],[6.75,3.9],[0,0],[-6.75,3.9],[0,0],[-6.75,-3.9],[0,0],[6.75,-3.9]],"o":[[-6.75,3.9],[0,0],[-6.75,-3.9],[0,0],[6.75,-3.9],[0,0],[6.75,3.9],[0,0]],"v":[[173.09,76.4],[148.64,76.4],[112.53,55.55],[112.53,41.43],[148.64,20.58],[173.09,20.58],[209.2,41.43],[209.2,55.55]]}}},{"ty":"fl","c":{"a":0,"k":[0.25,0.05,0,1]},"o":{"a":0,"k":100}},{"ty":"tr","o":{"a":0,"k":100}}]},{"ty":"gr","it":[{"ty":"sh","ks":{"a":0,"k":{"c":true,"i":[[0,0],[-6.65,-3.84],[0,0],[6.65,-3.84],[0,0],[6.65,3.84],[0,0],[-6.65,3.84]],"o":[[6.65,-3.84],[0,0],[6.65,3.84],[0,0],[-6.65,3.84],[0,0],[-6.65,-3.84],[0,0]],"v":[[148.83,20.69],[172.9,20.69],[209.01,41.54],[209.01,55.44],[172.9,76.29],[148.83,76.29],[112.72,55.44],[112.72,41.54]]}}},{"ty":"fl","c":{"a":0,"k":[1,0.86,0.84,1]},"o":{"a":0,"k":100}},{"ty":"tr","o":{"a":0,"k":100}}]},{"ty":"gr","it":[{"ty":"sh","ks":{"a":0,"k":{"c":true,"i":[[0,0],[4.32,-2.52],[0,0],[0,4.63]],"o":[[-1.09,3.7],[0,0],[5.26,-3.14],[0,0]],"v":[[255.41,65.76],[246.96,75.26],[246.96,105.74],[255.41,93.73]]}}},{"ty":"sh","ks":{"a":0,"k":{"c":true,"i":[[0,0],[5.53,-3.2],[0,0],[0,0],[0,0],[0,4.73],[0,0]],"o":[[0,4.95],[0,0],[0,0],[0,0],[5.46,-3.15],[0,0],[0,0]],"v":[[255.86,93.73],[246.85,106.32],[246.52,106.51],[246.52,75.01],[246.63,74.94],[255.41,62.74],[255.86,62.74]]}}},{"ty":"fl","c":{"a":0,"k":[0.25,0.05,0,1]},"o":{"a":0,"k":100}},{"ty":"tr","o":{"a":0,"k":100}}]},{"ty":"gr","it":[{"ty":"sh","ks":{"a":0,"k":{"c":true,"i":[[0,0],[5.5,-3.17],[0,0],[0,4.84]],"o":[[0,4.84],[0,0],[5.5,-3.17],[0,0]],"v":[[255.64,62.74],[246.74,75.13],[246.74,106.13],[255.64,93.73]]}}},{"ty":"gf","e":{"a":0,"k":[246.82,84.06]},"g":{"p":2,"k":{"a":0,"k":[0,1,0.55,0.4,1,1,0.85,0.8,0,1,1,1]}},"t":1,"o":{"a":0,"k":100},"s":{"a":0,"k":[255.66,83.31]}},{"ty":"tr","o":{"a":0,"k":100}}]},{"ty":"gr","it":[{"ty":"sh","ks":{"a":0,"k":{"c":true,"i":[[0,0],[0,0],[7.8,0],[5.97,3.45],[0,0],[0,0],[0,0],[-7.74,0],[-5.89,3.4],[0,0]],"o":[[0,0],[-5.97,3.45],[-7.8,0],[0,0],[0,0],[0,0],[5.89,3.4],[7.74,0],[0,0],[0,0]],"v":[[182.55,143.45],[182.43,143.51],[160.85,148.68],[139.27,143.51],[139.16,143.45],[139.16,111.94],[139.49,112.13],[160.85,117.24],[182.21,112.13],[182.55,111.94]]}}},{"ty":"sh","ks":{"a":0,"k":{"c":true,"i":[[0,0],[7.66,0],[5.93,3.32],[0,0],[-7.7,0],[-5.87,3.36]],"o":[[-5.93,3.32],[-7.66,0],[0,0],[5.88,3.36],[7.7,0],[0,0]],"v":[[182.11,112.7],[160.85,117.68],[139.6,112.7],[139.6,143.19],[160.85,148.23],[182.11,143.19]]}}},{"ty":"fl","c":{"a":0,"k":[0.25,0.05,0,1]},"o":{"a":0,"k":100}},{"ty":"tr","o":{"a":0,"k":100}}]},{"ty":"gr","it":[{"ty":"sh","ks":{"a":0,"k":{"c":true,"i":[[0,0],[-11.86,6.85],[0,0],[11.86,6.85]],"o":[[11.86,6.85],[0,0],[-11.86,6.85],[0,0]],"v":[[139.38,112.32],[182.32,112.32],[182.32,143.32],[139.38,143.32]]}}},{"ty":"gf","e":{"a":0,"k":[139.38,130.39]},"g":{"p":3,"k":{"a":0,"k":[0,1,0.86,0.84,0.5,1,0.92,0.9,1,1,0.85,0.8,0,1,0.5,1,1,1]}},"t":1,"o":{"a":0,"k":100},"s":{"a":0,"k":[182.33,130.39]}},{"ty":"tr","o":{"a":0,"k":100}}]},{"ty":"gr","it":[{"ty":"sh","ks":{"a":0,"k":{"c":true,"i":[[0,0],[0,0],[-5.29,-3.05],[0,0],[0,0],[0,0],[0,4.95],[0,0]],"o":[[0,0],[0.2,4.55],[0,0],[0,0],[0,0],[-5.53,-3.2],[0,0],[0,0]],"v":[[66.29,62.74],[66.3,63.18],[75.07,74.94],[75.18,75.01],[75.18,106.51],[74.85,106.32],[65.85,93.73],[65.85,62.74]]}}},{"ty":"sh","ks":{"a":0,"k":{"c":true,"i":[[0,0],[-5.26,-3.14],[0,0],[1.09,3.7]],"o":[[0,4.63],[0,0],[-4.32,-2.52],[0,0]],"v":[[66.29,93.73],[74.74,105.74],[74.74,75.26],[66.29,65.76]]}}},{"ty":"fl","c":{"a":0,"k":[0.25,0.05,0,1]},"o":{"a":0,"k":100}},{"ty":"tr","o":{"a":0,"k":100}}]},{"ty":"gr","it":[{"ty":"sh","ks":{"a":0,"k":{"c":true,"i":[[0,0],[-5.5,-3.17],[0,0],[0,4.84]],"o":[[0,4.84],[0,0],[-5.5,-3.17],[0,0]],"v":[[66.07,62.74],[74.96,75.13],[74.96,106.13],[66.07,93.73]]}}},{"ty":"gf","e":{"a":0,"k":[66.15,84.06]},"g":{"p":2,"k":{"a":0,"k":[0,1,0.78,0.71,1,1,0.55,0.4,0,1,1,1]}},"t":1,"o":{"a":0,"k":100},"s":{"a":0,"k":[74.98,83.31]}},{"ty":"tr","o":{"a":0,"k":100}}]},{"ty":"gr","it":[{"ty":"sh","ks":{"a":0,"k":{"c":true,"i":[[0,0],[0,0],[0,0],[0,0]],"o":[[0,0],[0,0],[0,0],[0,0]],"v":[[246.94,74.8],[246.94,106.24],[182.13,143.65],[182.13,112.21]]}}},{"ty":"sh","ks":{"a":0,"k":{"c":true,"i":[[0,0],[0,0],[0,0],[0,0]],"o":[[0,0],[0,0],[0,0],[0,0]],"v":[[182.52,142.98],[246.55,106.02],[246.55,75.46],[182.52,112.43]]}}},{"ty":"fl","c":{"a":0,"k":[0.29,0,0,1]},"o":{"a":0,"k":100}},{"ty":"tr","o":{"a":0,"k":100}}]},{"ty":"gr","it":[{"ty":"sh","ks":{"a":0,"k":{"c":true,"i":[[0,0],[0,0],[0,0],[0,0]],"o":[[0,0],[0,0],[0,0],[0,0]],"v":[[182.33,112.32],[246.74,75.13],[246.74,106.13],[182.33,143.32]]}}},{"ty":"gf","e":{"a":0,"k":[214.45,145.55]},"g":{"p":2,"k":{"a":0,"k":[0,1,0.78,0.71,1,1,0.85,0.8,0,1,1,1]}},"t":1,"o":{"a":0,"k":100},"s":{"a":0,"k":[246.89,89.74]}},{"ty":"tr","o":{"a":0,"k":100}}]},{"ty":"gr","it":[{"ty":"sh","ks":{"a":0,"k":{"c":true,"i":[[0,0],[0,0],[0,0],[0,0]],"o":[[0,0],[0,0],[0,0],[0,0]],"v":[[139.57,112.21],[139.57,143.65],[74.77,106.24],[74.77,74.8]]}}},{"ty":"sh","ks":{"a":0,"k":{"c":true,"i":[[0,0],[0,0],[0,0],[0,0]],"o":[[0,0],[0,0],[0,0],[0,0]],"v":[[75.15,106.02],[139.19,142.99],[139.19,112.44],[75.15,75.46]]}}},{"ty":"fl","c":{"a":0,"k":[0.25,0.05,0,1]},"o":{"a":0,"k":100}},{"ty":"tr","o":{"a":0,"k":100}}]},{"ty":"gr","it":[{"ty":"sh","ks":{"a":0,"k":{"c":true,"i":[[0,0],[0,0],[0,0],[0,0]],"o":[[0,0],[0,0],[0,0],[0,0]],"v":[[74.96,75.13],[139.38,112.32],[139.38,143.32],[74.96,106.13]]}}},{"ty":"gf","e":{"a":0,"k":[107.23,145.71]},"g":{"p":2,"k":{"a":0,"k":[0,1,0.85,0.8,1,1,0.78,0.71,0,1,1,1]}},"t":1,"o":{"a":0,"k":100},"s":{"a":0,"k":[139.53,127.1]}},{"ty":"tr","o":{"a":0,"k":100}}]},{"ty":"gr","it":[{"ty":"sh","ks":{"a":0,"k":{"c":true,"i":[[0,0],[11.75,6.79],[0,0],[11.75,-6.79],[0,0],[-11.76,-6.79],[0,0],[-11.75,6.79]],"o":[[11.75,-6.79],[0,0],[-11.75,-6.79],[0,0],[-11.76,6.79],[0,0],[11.75,6.79],[0,0]],"v":[[246.55,75.02],[246.55,50.45],[182.13,13.26],[139.57,13.26],[75.16,50.45],[75.16,75.02],[139.57,112.21],[182.13,112.21]]}}},{"ty":"sh","ks":{"a":0,"k":{"c":true,"i":[[0,0],[11.96,6.91],[0,0],[-11.96,6.91],[0,0],[-11.96,-6.91],[0,0],[11.97,-6.91]],"o":[[-11.96,6.91],[0,0],[-11.96,-6.91],[0,0],[11.96,-6.91],[0,0],[11.97,6.91],[0,0]],"v":[[182.52,112.43],[139.19,112.43],[74.77,75.25],[74.77,50.23],[139.19,13.04],[182.52,13.04],[246.93,50.23],[246.93,75.25]]}}},{"ty":"fl","c":{"a":0,"k":[0.25,0.05,0,1]},"o":{"a":0,"k":100}},{"ty":"tr","o":{"a":0,"k":100}}]},{"ty":"gr","it":[{"ty":"sh","ks":{"a":0,"k":{"c":true,"i":[[0,0],[-11.86,-6.85],[0,0],[11.86,-6.85],[0,0],[11.86,6.85],[0,0],[-11.86,6.85]],"o":[[11.86,-6.85],[0,0],[11.86,6.85],[0,0],[-11.86,6.85],[0,0],[-11.86,-6.85],[0,0]],"v":[[139.38,13.15],[182.32,13.15],[246.74,50.34],[246.74,75.13],[182.32,112.32],[139.38,112.32],[74.96,75.13],[74.96,50.34]]}}},{"ty":"fl","c":{"a":0,"k":[1,0.86,0.84,1]},"o":{"a":0,"k":100}},{"ty":"tr","o":{"a":0,"k":100}}]},{"ty":"gr","it":[{"ty":"sh","ks":{"a":0,"k":{"c":true,"i":[[0,0],[6.76,-3.93],[0,0],[0,7.01]],"o":[[-1.4,5.81],[0,0],[7.96,-4.7],[0,0]],"v":[[301.96,99.53],[289.14,114.45],[289.14,160.14],[301.96,142.05]]}}},{"ty":"sh","ks":{"a":0,"k":{"c":true,"i":[[0,0],[8.23,-4.75],[0,0],[0,0],[0,0],[0,7.11],[0,0]],"o":[[0,7.33],[0,0],[0,0],[0,0],[8.16,-4.71],[0,0],[0,0]],"v":[[302.41,142.05],[289.04,160.73],[288.7,160.91],[288.7,114.19],[288.81,114.13],[301.96,95.83],[302.41,95.83]]}}},{"ty":"fl","c":{"a":0,"k":[0.25,0.05,0,1]},"o":{"a":0,"k":100}},{"ty":"tr","o":{"a":0,"k":100}}]},{"ty":"gr","it":[{"ty":"sh","ks":{"a":0,"k":{"c":true,"i":[[0,0],[8.2,-4.73],[0,0],[0,7.22]],"o":[[0,7.22],[0,0],[8.2,-4.73],[0,0]],"v":[[302.18,95.83],[288.92,114.32],[288.92,160.53],[302.18,142.05]]}}},{"ty":"gf","e":{"a":0,"k":[289.04,127.63]},"g":{"p":2,"k":{"a":0,"k":[0,1,0.67,0.56,1,1,0.85,0.8,0,1,1,1]}},"t":1,"o":{"a":0,"k":100},"s":{"a":0,"k":[302.22,126.5]}},{"ty":"tr","o":{"a":0,"k":100}}]},{"ty":"gr","it":[{"ty":"sh","ks":{"a":0,"k":{"c":true,"i":[[0,0],[0,0],[11.62,0],[8.88,5.13],[0,0],[0,0],[0,0],[-11.56,0],[-8.8,5.08],[0,0]],"o":[[0,0],[-8.89,5.13],[-11.62,0],[0,0],[0,0],[0,0],[8.8,5.08],[11.56,0],[0,0],[0,0]],"v":[[193.09,216.12],[192.98,216.18],[160.86,223.87],[128.73,216.18],[128.61,216.12],[128.61,169.39],[128.95,169.59],[160.86,177.21],[192.76,169.59],[193.09,169.39]]}}},{"ty":"sh","ks":{"a":0,"k":{"c":true,"i":[[0,0],[11.47,0],[8.84,5],[0,0],[-11.51,0],[-8.79,5.04]],"o":[[-8.84,5],[-11.48,0],[0,0],[8.79,5.04],[11.51,0],[0,0]],"v":[[192.65,170.15],[160.86,177.65],[129.05,170.15],[129.05,215.86],[160.86,223.43],[192.65,215.86]]}}},{"ty":"fl","c":{"a":0,"k":[0.25,0.05,0,1]},"o":{"a":0,"k":100}},{"ty":"tr","o":{"a":0,"k":100}}]},{"ty":"gr","it":[{"ty":"sh","ks":{"a":0,"k":{"c":true,"i":[[0,0],[-17.68,10.21],[0,0],[17.68,10.21]],"o":[[17.68,10.21],[0,0],[-17.68,10.21],[0,0]],"v":[[128.84,169.78],[192.87,169.78],[192.87,215.99],[128.84,215.99]]}}},{"ty":"gf","e":{"a":0,"k":[128.84,196.71]},"g":{"p":3,"k":{"a":0,"k":[0,1,0.86,0.84,0.5,1,0.92,0.9,1,1,0.85,0.8,0,1,0.5,1,1,1]}},"t":1,"o":{"a":0,"k":100},"s":{"a":0,"k":[192.87,196.71]}},{"ty":"tr","o":{"a":0,"k":100}}]},{"ty":"gr","it":[{"ty":"sh","ks":{"a":0,"k":{"c":true,"i":[[0,0],[0,0],[-8.04,-4.64],[0,0],[0,0],[0,0],[0,7.33],[0,0]],"o":[[0,0],[0.15,6.98],[0,0],[0,0],[0,0],[-8.23,-4.75],[0,0],[0,0]],"v":[[19.74,95.83],[19.74,96.16],[32.89,114.13],[33,114.19],[33,160.91],[32.67,160.73],[19.3,142.05],[19.3,95.83]]}}},{"ty":"sh","ks":{"a":0,"k":{"c":true,"i":[[0,0],[-7.96,-4.7],[0,0],[1.4,5.8]],"o":[[0,7.01],[0,0],[-6.76,-3.93],[0,0]],"v":[[19.74,142.05],[32.56,160.14],[32.56,114.45],[19.74,99.53]]}}},{"ty":"fl","c":{"a":0,"k":[0.25,0.05,0,1]},"o":{"a":0,"k":100}},{"ty":"tr","o":{"a":0,"k":100}}]},{"ty":"gr","it":[{"ty":"sh","ks":{"a":0,"k":{"c":true,"i":[[0,0],[-8.2,-4.73],[0,0],[0,7.22]],"o":[[0,7.22],[0,0],[-8.2,-4.73],[0,0]],"v":[[19.52,95.83],[32.78,114.32],[32.78,160.53],[19.52,142.05]]}}},{"ty":"gf","e":{"a":0,"k":[19.64,127.63]},"g":{"p":2,"k":{"a":0,"k":[0,1,0.85,0.8,1,1,0.67,0.56,0,1,1,1]}},"t":1,"o":{"a":0,"k":100},"s":{"a":0,"k":[32.81,126.5]}},{"ty":"tr","o":{"a":0,"k":100}}]},{"ty":"gr","it":[{"ty":"sh","ks":{"a":0,"k":{"c":true,"i":[[0,0],[0,0],[0,0],[0,0]],"o":[[0,0],[0,0],[0,0],[0,0]],"v":[[289.12,113.99],[289.12,160.64],[192.68,216.32],[192.68,169.66]]}}},{"ty":"sh","ks":{"a":0,"k":{"c":true,"i":[[0,0],[0,0],[0,0],[0,0]],"o":[[0,0],[0,0],[0,0],[0,0]],"v":[[193.06,215.66],[288.73,160.42],[288.73,114.65],[193.06,169.89]]}}},{"ty":"fl","c":{"a":0,"k":[0.29,0,0,1]},"o":{"a":0,"k":100}},{"ty":"tr","o":{"a":0,"k":100}}]},{"ty":"gr","it":[{"ty":"sh","ks":{"a":0,"k":{"c":true,"i":[[0,0],[0,0],[0,0],[0,0]],"o":[[0,0],[0,0],[0,0],[0,0]],"v":[[192.87,169.78],[288.93,114.32],[288.93,160.53],[192.87,215.99]]}}},{"ty":"gf","e":{"a":0,"k":[240.77,219.32]},"g":{"p":2,"k":{"a":0,"k":[0,1,0.78,0.71,1,1,0.85,0.8,0,1,1,1]}},"t":1,"o":{"a":0,"k":100},"s":{"a":0,"k":[289.15,136.1]}},{"ty":"tr","o":{"a":0,"k":100}}]},{"ty":"gr","it":[{"ty":"sh","ks":{"a":0,"k":{"c":true,"i":[[0,0],[0,0],[0,0],[0,0]],"o":[[0,0],[0,0],[0,0],[0,0]],"v":[[129.02,169.66],[129.02,216.32],[32.59,160.64],[32.59,113.99]]}}},{"ty":"sh","ks":{"a":0,"k":{"c":true,"i":[[0,0],[0,0],[0,0],[0,0]],"o":[[0,0],[0,0],[0,0],[0,0]],"v":[[32.97,160.42],[128.64,215.66],[128.64,169.89],[32.97,114.65]]}}},{"ty":"fl","c":{"a":0,"k":[0.25,0.05,0,1]},"o":{"a":0,"k":100}},{"ty":"tr","o":{"a":0,"k":100}}]},{"ty":"gr","it":[{"ty":"sh","ks":{"a":0,"k":{"c":true,"i":[[0,0],[0,0],[0,0],[0,0]],"o":[[0,0],[0,0],[0,0],[0,0]],"v":[[32.78,114.32],[128.83,169.78],[128.83,215.99],[32.78,160.53]]}}},{"ty":"gf","e":{"a":0,"k":[80.9,219.55]},"g":{"p":2,"k":{"a":0,"k":[0,1,0.85,0.8,1,1,0.8,0.76,0,1,1,1]}},"t":1,"o":{"a":0,"k":100},"s":{"a":0,"k":[129.05,191.81]}},{"ty":"tr","o":{"a":0,"k":100}}]},{"ty":"gr","it":[{"ty":"sh","ks":{"a":0,"k":{"c":true,"i":[[0,0],[17.57,10.15],[0,0],[17.57,-10.15],[0,0],[-17.57,-10.15],[0,0],[-17.58,10.14]],"o":[[17.57,-10.15],[0,0],[-17.58,-10.15],[0,0],[-17.57,10.15],[0,0],[17.57,10.14],[0,0]],"v":[[288.73,114.21],[288.73,77.46],[192.68,22],[129.03,22],[32.96,77.46],[32.96,114.21],[129.03,169.67],[192.68,169.67]]}}},{"ty":"sh","ks":{"a":0,"k":{"c":true,"i":[[0,0],[17.79,10.27],[0,0],[-17.79,10.27],[0,0],[-17.79,-10.27],[0,0],[17.79,-10.27]],"o":[[-17.79,10.27],[0,0],[-17.79,-10.27],[0,0],[17.79,-10.27],[0,0],[17.79,10.27],[0,0]],"v":[[193.06,169.89],[128.64,169.89],[32.58,114.43],[32.58,77.24],[128.64,21.78],[193.06,21.78],[289.12,77.24],[289.12,114.43]]}}},{"ty":"fl","c":{"a":0,"k":[0.25,0.05,0,1]},"o":{"a":0,"k":100}},{"ty":"tr","o":{"a":0,"k":100}}]},{"ty":"gr","it":[{"ty":"sh","ks":{"a":0,"k":{"c":true,"i":[[0,0],[-17.68,-10.21],[0,0],[17.68,-10.21],[0,0],[17.68,10.21],[0,0],[-17.68,10.21]],"o":[[17.68,-10.21],[0,0],[17.68,10.21],[0,0],[-17.68,10.21],[0,0],[-17.68,-10.21],[0,0]],"v":[[128.83,21.89],[192.87,21.89],[288.93,77.35],[288.93,114.32],[192.87,169.78],[128.83,169.78],[32.77,114.32],[32.77,77.35]]}}},{"ty":"fl","c":{"a":0,"k":[1,0.86,0.84,1]},"o":{"a":0,"k":100}},{"ty":"tr","o":{"a":0,"k":100}}]},{"ty":"tr","o":{"a":0,"k":100}}]}]}]},{"id":"7","layers":[{"ind":6,"ty":0,"parent":2,"ks":{},"w":429,"h":299,"ip":0,"op":241,"st":0,"refId":"4"},{"ind":2,"ty":3,"ks":{"s":{"a":0,"k":[94.41,94.65]}},"ip":0,"op":241,"st":0}]},{"id":"12","layers":[{"ind":11,"ty":4,"ks":{},"ip":0,"op":241,"st":0,"shapes":[{"ty":"rc","p":{"a":0,"k":[214.5,147.5]},"r":{"a":0,"k":0},"s":{"a":0,"k":[429,295]}},{"ty":"fl","c":{"a":0,"k":[0,0,0,0]},"o":{"a":0,"k":0}}]},{"ind":0,"ty":4,"ks":{"s":{"a":0,"k":[133.33,133.33]}},"ip":0,"op":241,"st":0,"shapes":[{"ty":"gr","it":[{"ty":"gr","it":[{"ty":"sh","ks":{"a":0,"k":{"c":true,"i":[[0,0],[6.76,-3.93],[0,0],[0,7.01]],"o":[[-1.4,5.81],[0,0],[7.96,-4.7],[0,0]],"v":[[301.96,96.48],[289.14,111.39],[289.14,157.1],[301.96,139]]}}},{"ty":"sh","ks":{"a":0,"k":{"c":true,"i":[[0,0],[8.23,-4.75],[0,0],[0,0],[0,0],[0,7.11],[0,0]],"o":[[0,7.33],[0,0],[0,0],[0,0],[8.16,-4.71],[0,0],[0,0]],"v":[[302.4,139],[289.02,157.68],[288.7,157.87],[288.7,111.14],[288.8,111.08],[301.96,92.79],[302.4,92.79]]}}},{"ty":"fl","c":{"a":0,"k":[0.25,0.05,0,1]},"o":{"a":0,"k":100}},{"ty":"tr","o":{"a":0,"k":100}}]},{"ty":"gr","it":[{"ty":"sh","ks":{"a":0,"k":{"c":true,"i":[[0,0],[8.2,-4.73],[0,0],[0,7.22]],"o":[[0,7.22],[0,0],[8.2,-4.73],[0,0]],"v":[[302.18,92.79],[288.91,111.27],[288.91,157.48],[302.18,139]]}}},{"ty":"gf","e":{"a":0,"k":[289.03,124.58]},"g":{"p":2,"k":{"a":0,"k":[0,1,0.67,0.56,1,1,0.85,0.8,0,1,1,1]}},"t":1,"o":{"a":0,"k":100},"s":{"a":0,"k":[302.21,123.46]}},{"ty":"tr","o":{"a":0,"k":100}}]},{"ty":"gr","it":[{"ty":"sh","ks":{"a":0,"k":{"c":true,"i":[[0,0],[0,0],[11.62,0],[8.88,5.13],[0,0],[0,0],[0,0],[-11.56,0],[-8.8,5.08],[0,0]],"o":[[0,0],[-8.88,5.13],[-11.62,0],[0,0],[0,0],[0,0],[8.8,5.08],[11.56,0],[0,0],[0,0]],"v":[[193.08,213.07],[192.97,213.13],[160.84,220.82],[128.71,213.13],[128.61,213.07],[128.61,166.34],[128.93,166.54],[160.84,174.16],[192.75,166.54],[193.08,166.34]]}}},{"ty":"sh","ks":{"a":0,"k":{"c":true,"i":[[0,0],[11.47,0],[8.84,5],[0,0],[-11.51,0],[-8.79,5.04]],"o":[[-8.84,5],[-11.47,0],[0,0],[8.79,5.04],[11.51,0],[0,0]],"v":[[192.64,167.11],[160.84,174.61],[129.05,167.11],[129.05,212.81],[160.84,220.38],[192.64,212.81]]}}},{"ty":"fl","c":{"a":0,"k":[0.25,0.05,0,1]},"o":{"a":0,"k":100}},{"ty":"tr","o":{"a":0,"k":100}}]},{"ty":"gr","it":[{"ty":"sh","ks":{"a":0,"k":{"c":true,"i":[[0,0],[-17.68,10.21],[0,0],[17.68,10.21]],"o":[[17.68,10.21],[0,0],[-17.68,10.21],[0,0]],"v":[[128.82,166.73],[192.86,166.73],[192.86,212.94],[128.82,212.94]]}}},{"ty":"gf","e":{"a":0,"k":[128.83,193.66]},"g":{"p":3,"k":{"a":0,"k":[0,1,0.86,0.84,0.5,1,0.92,0.9,1,1,0.85,0.8,0,1,0.5,1,1,1]}},"t":1,"o":{"a":0,"k":100},"s":{"a":0,"k":[192.86,193.66]}},{"ty":"tr","o":{"a":0,"k":100}}]},{"ty":"gr","it":[{"ty":"sh","ks":{"a":0,"k":{"c":true,"i":[[0,0],[0,0],[-8.03,-4.64],[0,0],[0,0],[0,0],[0,7.33],[0,0]],"o":[[0,0],[0.15,6.98],[0,0],[0,0],[0,0],[-8.23,-4.75],[0,0],[0,0]],"v":[[19.73,92.79],[19.73,93.12],[32.88,111.08],[32.99,111.14],[32.99,157.87],[32.66,157.68],[19.29,139],[19.29,92.79]]}}},{"ty":"sh","ks":{"a":0,"k":{"c":true,"i":[[0,0],[-7.96,-4.7],[0,0],[1.4,5.81]],"o":[[0,7.01],[0,0],[-6.76,-3.93],[0,0]],"v":[[19.73,139],[32.55,157.1],[32.55,111.39],[19.73,96.48]]}}},{"ty":"fl","c":{"a":0,"k":[0.25,0.05,0,1]},"o":{"a":0,"k":100}},{"ty":"tr","o":{"a":0,"k":100}}]},{"ty":"gr","it":[{"ty":"sh","ks":{"a":0,"k":{"c":true,"i":[[0,0],[-8.2,-4.73],[0,0],[0,7.22]],"o":[[0,7.22],[0,0],[-8.2,-4.73],[0,0]],"v":[[19.51,92.79],[32.77,111.27],[32.77,157.48],[19.51,139]]}}},{"ty":"gf","e":{"a":0,"k":[19.63,124.58]},"g":{"p":2,"k":{"a":0,"k":[0,1,0.85,0.8,1,1,0.67,0.56,0,1,1,1]}},"t":1,"o":{"a":0,"k":100},"s":{"a":0,"k":[32.8,123.46]}},{"ty":"tr","o":{"a":0,"k":100}}]},{"ty":"gr","it":[{"ty":"sh","ks":{"a":0,"k":{"c":true,"i":[[0,0],[0,0],[0,0],[0,0]],"o":[[0,0],[0,0],[0,0],[0,0]],"v":[[289.11,110.94],[289.11,157.6],[192.67,213.27],[192.67,166.62]]}}},{"ty":"sh","ks":{"a":0,"k":{"c":true,"i":[[0,0],[0,0],[0,0],[0,0]],"o":[[0,0],[0,0],[0,0],[0,0]],"v":[[193.05,212.61],[288.73,157.38],[288.73,111.6],[193.05,166.84]]}}},{"ty":"fl","c":{"a":0,"k":[0.29,0,0,1]},"o":{"a":0,"k":100}},{"ty":"tr","o":{"a":0,"k":100}}]},{"ty":"gr","it":[{"ty":"sh","ks":{"a":0,"k":{"c":true,"i":[[0,0],[0,0],[0,0],[0,0]],"o":[[0,0],[0,0],[0,0],[0,0]],"v":[[192.86,166.73],[288.92,111.27],[288.92,157.48],[192.86,212.94]]}}},{"ty":"gf","e":{"a":0,"k":[240.76,216.27]},"g":{"p":2,"k":{"a":0,"k":[0,1,0.78,0.71,1,1,0.85,0.8,0,1,1,1]}},"t":1,"o":{"a":0,"k":100},"s":{"a":0,"k":[289.14,133.05]}},{"ty":"tr","o":{"a":0,"k":100}}]},{"ty":"gr","it":[{"ty":"sh","ks":{"a":0,"k":{"c":true,"i":[[0,0],[0,0],[0,0],[0,0]],"o":[[0,0],[0,0],[0,0],[0,0]],"v":[[129.02,166.62],[129.02,213.27],[32.58,157.6],[32.58,110.94]]}}},{"ty":"sh","ks":{"a":0,"k":{"c":true,"i":[[0,0],[0,0],[0,0],[0,0]],"o":[[0,0],[0,0],[0,0],[0,0]],"v":[[32.96,157.38],[128.63,212.61],[128.63,166.84],[32.96,111.6]]}}},{"ty":"fl","c":{"a":0,"k":[0.25,0.05,0,1]},"o":{"a":0,"k":100}},{"ty":"tr","o":{"a":0,"k":100}}]},{"ty":"gr","it":[{"ty":"sh","ks":{"a":0,"k":{"c":true,"i":[[0,0],[0,0],[0,0],[0,0]],"o":[[0,0],[0,0],[0,0],[0,0]],"v":[[32.77,111.27],[128.82,166.73],[128.82,212.94],[32.77,157.48]]}}},{"ty":"gf","e":{"a":0,"k":[80.89,216.51]},"g":{"p":2,"k":{"a":0,"k":[0,1,0.85,0.8,1,1,0.8,0.76,0,1,1,1]}},"t":1,"o":{"a":0,"k":100},"s":{"a":0,"k":[129.04,188.77]}},{"ty":"tr","o":{"a":0,"k":100}}]},{"ty":"gr","it":[{"ty":"sh","ks":{"a":0,"k":{"c":true,"i":[[0,0],[17.58,10.15],[0,0],[17.58,-10.15],[0,0],[-17.57,-10.15],[0,0],[-17.57,10.15]],"o":[[17.58,-10.15],[0,0],[-17.57,-10.15],[0,0],[-17.57,10.15],[0,0],[17.58,10.15],[0,0]],"v":[[288.72,111.16],[288.72,74.41],[192.66,18.95],[129.02,18.95],[32.96,74.41],[32.96,111.16],[129.02,166.62],[192.66,166.62]]}}},{"ty":"sh","ks":{"a":0,"k":{"c":true,"i":[[0,0],[17.79,10.27],[0,0],[-17.79,10.27],[0,0],[-17.79,-10.27],[0,0],[17.79,-10.27]],"o":[[-17.79,10.27],[0,0],[-17.79,-10.27],[0,0],[17.79,-10.27],[0,0],[17.79,10.27],[0,0]],"v":[[193.05,166.84],[128.63,166.84],[32.57,111.38],[32.57,74.19],[128.63,18.73],[193.05,18.73],[289.11,74.19],[289.11,111.38]]}}},{"ty":"fl","c":{"a":0,"k":[0.25,0.05,0,1]},"o":{"a":0,"k":100}},{"ty":"tr","o":{"a":0,"k":100}}]},{"ty":"gr","it":[{"ty":"sh","ks":{"a":0,"k":{"c":true,"i":[[0,0],[-17.68,-10.21],[0,0],[17.68,-10.21],[0,0],[17.68,10.21],[0,0],[-17.68,10.21]],"o":[[17.68,-10.21],[0,0],[17.68,10.21],[0,0],[-17.68,10.21],[0,0],[-17.68,-10.21],[0,0]],"v":[[128.82,18.84],[192.86,18.84],[288.92,74.3],[288.92,111.27],[192.86,166.73],[128.82,166.73],[32.77,111.27],[32.77,74.3]]}}},{"ty":"fl","c":{"a":0,"k":[1,0.86,0.84,1]},"o":{"a":0,"k":100}},{"ty":"tr","o":{"a":0,"k":100}}]},{"ty":"tr","o":{"a":0,"k":100}}]}]}]},{"id":"15","layers":[{"ind":14,"ty":0,"parent":10,"ks":{},"w":429,"h":295,"ip":0,"op":241,"st":0,"refId":"12"},{"ind":10,"ty":3,"ks":{"s":{"a":0,"k":[94.41,94.92]}},"ip":0,"op":241,"st":0}]},{"id":"20","layers":[{"ind":19,"ty":4,"ks":{},"ip":0,"op":241,"st":0,"shapes":[{"ty":"rc","p":{"a":0,"k":[214.5,147.5]},"r":{"a":0,"k":0},"s":{"a":0,"k":[429,295]}},{"ty":"fl","c":{"a":0,"k":[0,0,0,0]},"o":{"a":0,"k":0}}]},{"ind":0,"ty":4,"ks":{"s":{"a":0,"k":[133.33,133.33]}},"ip":0,"op":241,"st":0,"shapes":[{"ty":"gr","it":[{"ty":"gr","it":[{"ty":"sh","ks":{"a":0,"k":{"c":true,"i":[[0,0],[6.76,-3.93],[0,0],[0,7.01]],"o":[[-1.4,5.81],[0,0],[7.96,-4.7],[0,0]],"v":[[301.96,96.48],[289.14,111.39],[289.14,157.1],[301.96,139]]}}},{"ty":"sh","ks":{"a":0,"k":{"c":true,"i":[[0,0],[8.23,-4.75],[0,0],[0,0],[0,0],[0,7.11],[0,0]],"o":[[0,7.33],[0,0],[0,0],[0,0],[8.16,-4.71],[0,0],[0,0]],"v":[[302.4,139],[289.02,157.68],[288.7,157.87],[288.7,111.14],[288.8,111.08],[301.96,92.79],[302.4,92.79]]}}},{"ty":"fl","c":{"a":0,"k":[0.25,0.05,0,1]},"o":{"a":0,"k":100}},{"ty":"tr","o":{"a":0,"k":100}}]},{"ty":"gr","it":[{"ty":"sh","ks":{"a":0,"k":{"c":true,"i":[[0,0],[8.2,-4.73],[0,0],[0,7.22]],"o":[[0,7.22],[0,0],[8.2,-4.73],[0,0]],"v":[[302.18,92.79],[288.91,111.27],[288.91,157.48],[302.18,139]]}}},{"ty":"gf","e":{"a":0,"k":[289.03,124.58]},"g":{"p":2,"k":{"a":0,"k":[0,1,0.67,0.56,1,1,0.85,0.8,0,1,1,1]}},"t":1,"o":{"a":0,"k":100},"s":{"a":0,"k":[302.21,123.46]}},{"ty":"tr","o":{"a":0,"k":100}}]},{"ty":"gr","it":[{"ty":"sh","ks":{"a":0,"k":{"c":true,"i":[[0,0],[0,0],[11.62,0],[8.88,5.13],[0,0],[0,0],[0,0],[-11.56,0],[-8.8,5.08],[0,0]],"o":[[0,0],[-8.88,5.13],[-11.62,0],[0,0],[0,0],[0,0],[8.8,5.08],[11.56,0],[0,0],[0,0]],"v":[[193.08,213.07],[192.97,213.13],[160.84,220.82],[128.71,213.13],[128.61,213.07],[128.61,166.34],[128.93,166.54],[160.84,174.16],[192.75,166.54],[193.08,166.34]]}}},{"ty":"sh","ks":{"a":0,"k":{"c":true,"i":[[0,0],[11.47,0],[8.84,5],[0,0],[-11.51,0],[-8.79,5.04]],"o":[[-8.84,5],[-11.47,0],[0,0],[8.79,5.04],[11.51,0],[0,0]],"v":[[192.64,167.11],[160.84,174.61],[129.05,167.11],[129.05,212.81],[160.84,220.38],[192.64,212.81]]}}},{"ty":"fl","c":{"a":0,"k":[0.25,0.05,0,1]},"o":{"a":0,"k":100}},{"ty":"tr","o":{"a":0,"k":100}}]},{"ty":"gr","it":[{"ty":"sh","ks":{"a":0,"k":{"c":true,"i":[[0,0],[-17.68,10.21],[0,0],[17.68,10.21]],"o":[[17.68,10.21],[0,0],[-17.68,10.21],[0,0]],"v":[[128.82,166.73],[192.86,166.73],[192.86,212.94],[128.82,212.94]]}}},{"ty":"gf","e":{"a":0,"k":[128.83,193.66]},"g":{"p":3,"k":{"a":0,"k":[0,1,0.86,0.84,0.5,1,0.92,0.9,1,1,0.85,0.8,0,1,0.5,1,1,1]}},"t":1,"o":{"a":0,"k":100},"s":{"a":0,"k":[192.86,193.66]}},{"ty":"tr","o":{"a":0,"k":100}}]},{"ty":"gr","it":[{"ty":"sh","ks":{"a":0,"k":{"c":true,"i":[[0,0],[0,0],[-8.03,-4.64],[0,0],[0,0],[0,0],[0,7.33],[0,0]],"o":[[0,0],[0.15,6.98],[0,0],[0,0],[0,0],[-8.23,-4.75],[0,0],[0,0]],"v":[[19.73,92.79],[19.73,93.12],[32.88,111.08],[32.99,111.14],[32.99,157.87],[32.66,157.68],[19.29,139],[19.29,92.79]]}}},{"ty":"sh","ks":{"a":0,"k":{"c":true,"i":[[0,0],[-7.96,-4.7],[0,0],[1.4,5.81]],"o":[[0,7.01],[0,0],[-6.76,-3.93],[0,0]],"v":[[19.73,139],[32.55,157.1],[32.55,111.39],[19.73,96.48]]}}},{"ty":"fl","c":{"a":0,"k":[0.25,0.05,0,1]},"o":{"a":0,"k":100}},{"ty":"tr","o":{"a":0,"k":100}}]},{"ty":"gr","it":[{"ty":"sh","ks":{"a":0,"k":{"c":true,"i":[[0,0],[-8.2,-4.73],[0,0],[0,7.22]],"o":[[0,7.22],[0,0],[-8.2,-4.73],[0,0]],"v":[[19.51,92.79],[32.77,111.27],[32.77,157.48],[19.51,139]]}}},{"ty":"gf","e":{"a":0,"k":[19.63,124.58]},"g":{"p":2,"k":{"a":0,"k":[0,1,0.85,0.8,1,1,0.67,0.56,0,1,1,1]}},"t":1,"o":{"a":0,"k":100},"s":{"a":0,"k":[32.8,123.46]}},{"ty":"tr","o":{"a":0,"k":100}}]},{"ty":"gr","it":[{"ty":"sh","ks":{"a":0,"k":{"c":true,"i":[[0,0],[0,0],[0,0],[0,0]],"o":[[0,0],[0,0],[0,0],[0,0]],"v":[[289.11,110.94],[289.11,157.6],[192.67,213.27],[192.67,166.62]]}}},{"ty":"sh","ks":{"a":0,"k":{"c":true,"i":[[0,0],[0,0],[0,0],[0,0]],"o":[[0,0],[0,0],[0,0],[0,0]],"v":[[193.05,212.61],[288.73,157.38],[288.73,111.6],[193.05,166.84]]}}},{"ty":"fl","c":{"a":0,"k":[0.29,0,0,1]},"o":{"a":0,"k":100}},{"ty":"tr","o":{"a":0,"k":100}}]},{"ty":"gr","it":[{"ty":"sh","ks":{"a":0,"k":{"c":true,"i":[[0,0],[0,0],[0,0],[0,0]],"o":[[0,0],[0,0],[0,0],[0,0]],"v":[[192.86,166.73],[288.92,111.27],[288.92,157.48],[192.86,212.94]]}}},{"ty":"gf","e":{"a":0,"k":[240.76,216.27]},"g":{"p":2,"k":{"a":0,"k":[0,1,0.78,0.71,1,1,0.85,0.8,0,1,1,1]}},"t":1,"o":{"a":0,"k":100},"s":{"a":0,"k":[289.14,133.05]}},{"ty":"tr","o":{"a":0,"k":100}}]},{"ty":"gr","it":[{"ty":"sh","ks":{"a":0,"k":{"c":true,"i":[[0,0],[0,0],[0,0],[0,0]],"o":[[0,0],[0,0],[0,0],[0,0]],"v":[[129.02,166.62],[129.02,213.27],[32.58,157.6],[32.58,110.94]]}}},{"ty":"sh","ks":{"a":0,"k":{"c":true,"i":[[0,0],[0,0],[0,0],[0,0]],"o":[[0,0],[0,0],[0,0],[0,0]],"v":[[32.96,157.38],[128.63,212.61],[128.63,166.84],[32.96,111.6]]}}},{"ty":"fl","c":{"a":0,"k":[0.25,0.05,0,1]},"o":{"a":0,"k":100}},{"ty":"tr","o":{"a":0,"k":100}}]},{"ty":"gr","it":[{"ty":"sh","ks":{"a":0,"k":{"c":true,"i":[[0,0],[0,0],[0,0],[0,0]],"o":[[0,0],[0,0],[0,0],[0,0]],"v":[[32.77,111.27],[128.82,166.73],[128.82,212.94],[32.77,157.48]]}}},{"ty":"gf","e":{"a":0,"k":[80.89,216.51]},"g":{"p":2,"k":{"a":0,"k":[0,1,0.85,0.8,1,1,0.8,0.76,0,1,1,1]}},"t":1,"o":{"a":0,"k":100},"s":{"a":0,"k":[129.04,188.77]}},{"ty":"tr","o":{"a":0,"k":100}}]},{"ty":"gr","it":[{"ty":"sh","ks":{"a":0,"k":{"c":true,"i":[[0,0],[17.58,10.15],[0,0],[17.58,-10.15],[0,0],[-17.57,-10.15],[0,0],[-17.57,10.15]],"o":[[17.58,-10.15],[0,0],[-17.57,-10.15],[0,0],[-17.57,10.15],[0,0],[17.58,10.15],[0,0]],"v":[[288.72,111.16],[288.72,74.41],[192.66,18.95],[129.02,18.95],[32.96,74.41],[32.96,111.16],[129.02,166.62],[192.66,166.62]]}}},{"ty":"sh","ks":{"a":0,"k":{"c":true,"i":[[0,0],[17.79,10.27],[0,0],[-17.79,10.27],[0,0],[-17.79,-10.27],[0,0],[17.79,-10.27]],"o":[[-17.79,10.27],[0,0],[-17.79,-10.27],[0,0],[17.79,-10.27],[0,0],[17.79,10.27],[0,0]],"v":[[193.05,166.84],[128.63,166.84],[32.57,111.38],[32.57,74.19],[128.63,18.73],[193.05,18.73],[289.11,74.19],[289.11,111.38]]}}},{"ty":"fl","c":{"a":0,"k":[0.25,0.05,0,1]},"o":{"a":0,"k":100}},{"ty":"tr","o":{"a":0,"k":100}}]},{"ty":"gr","it":[{"ty":"sh","ks":{"a":0,"k":{"c":true,"i":[[0,0],[-17.68,-10.21],[0,0],[17.68,-10.21],[0,0],[17.68,10.21],[0,0],[-17.68,10.21]],"o":[[17.68,-10.21],[0,0],[17.68,10.21],[0,0],[-17.68,10.21],[0,0],[-17.68,-10.21],[0,0]],"v":[[128.82,18.84],[192.86,18.84],[288.92,74.3],[288.92,111.27],[192.86,166.73],[128.82,166.73],[32.77,111.27],[32.77,74.3]]}}},{"ty":"fl","c":{"a":0,"k":[1,0.86,0.84,1]},"o":{"a":0,"k":100}},{"ty":"tr","o":{"a":0,"k":100}}]},{"ty":"tr","o":{"a":0,"k":100}}]}]}]},{"id":"23","layers":[{"ind":22,"ty":0,"parent":18,"ks":{},"w":429,"h":295,"ip":0,"op":241,"st":0,"refId":"20"},{"ind":18,"ty":3,"ks":{"s":{"a":0,"k":[94.41,94.92]}},"ip":0,"op":241,"st":0}]},{"id":"28","layers":[{"ind":27,"ty":4,"ks":{},"ip":0,"op":241,"st":0,"shapes":[{"ty":"rc","p":{"a":0,"k":[214.5,147.5]},"r":{"a":0,"k":0},"s":{"a":0,"k":[429,295]}},{"ty":"fl","c":{"a":0,"k":[0,0,0,0]},"o":{"a":0,"k":0}}]},{"ind":0,"ty":4,"ks":{"s":{"a":0,"k":[133.33,133.33]}},"ip":0,"op":241,"st":0,"shapes":[{"ty":"gr","it":[{"ty":"gr","it":[{"ty":"sh","ks":{"a":0,"k":{"c":true,"i":[[0,0],[6.76,-3.93],[0,0],[0,7.01]],"o":[[-1.4,5.81],[0,0],[7.96,-4.7],[0,0]],"v":[[301.96,96.48],[289.14,111.39],[289.14,157.1],[301.96,139]]}}},{"ty":"sh","ks":{"a":0,"k":{"c":true,"i":[[0,0],[8.23,-4.75],[0,0],[0,0],[0,0],[0,7.11],[0,0]],"o":[[0,7.33],[0,0],[0,0],[0,0],[8.16,-4.71],[0,0],[0,0]],"v":[[302.4,139],[289.02,157.68],[288.7,157.87],[288.7,111.14],[288.8,111.08],[301.96,92.79],[302.4,92.79]]}}},{"ty":"fl","c":{"a":0,"k":[0.25,0.05,0,1]},"o":{"a":0,"k":100}},{"ty":"tr","o":{"a":0,"k":100}}]},{"ty":"gr","it":[{"ty":"sh","ks":{"a":0,"k":{"c":true,"i":[[0,0],[8.2,-4.73],[0,0],[0,7.22]],"o":[[0,7.22],[0,0],[8.2,-4.73],[0,0]],"v":[[302.18,92.79],[288.91,111.27],[288.91,157.48],[302.18,139]]}}},{"ty":"gf","e":{"a":0,"k":[289.03,124.58]},"g":{"p":2,"k":{"a":0,"k":[0,1,0.67,0.56,1,1,0.85,0.8,0,1,1,1]}},"t":1,"o":{"a":0,"k":100},"s":{"a":0,"k":[302.21,123.46]}},{"ty":"tr","o":{"a":0,"k":100}}]},{"ty":"gr","it":[{"ty":"sh","ks":{"a":0,"k":{"c":true,"i":[[0,0],[0,0],[11.62,0],[8.88,5.13],[0,0],[0,0],[0,0],[-11.56,0],[-8.8,5.08],[0,0]],"o":[[0,0],[-8.88,5.13],[-11.62,0],[0,0],[0,0],[0,0],[8.8,5.08],[11.56,0],[0,0],[0,0]],"v":[[193.08,213.07],[192.97,213.13],[160.84,220.82],[128.71,213.13],[128.61,213.07],[128.61,166.34],[128.93,166.54],[160.84,174.16],[192.75,166.54],[193.08,166.34]]}}},{"ty":"sh","ks":{"a":0,"k":{"c":true,"i":[[0,0],[11.47,0],[8.84,5],[0,0],[-11.51,0],[-8.79,5.04]],"o":[[-8.84,5],[-11.47,0],[0,0],[8.79,5.04],[11.51,0],[0,0]],"v":[[192.64,167.11],[160.84,174.61],[129.05,167.11],[129.05,212.81],[160.84,220.38],[192.64,212.81]]}}},{"ty":"fl","c":{"a":0,"k":[0.25,0.05,0,1]},"o":{"a":0,"k":100}},{"ty":"tr","o":{"a":0,"k":100}}]},{"ty":"gr","it":[{"ty":"sh","ks":{"a":0,"k":{"c":true,"i":[[0,0],[-17.68,10.21],[0,0],[17.68,10.21]],"o":[[17.68,10.21],[0,0],[-17.68,10.21],[0,0]],"v":[[128.82,166.73],[192.86,166.73],[192.86,212.94],[128.82,212.94]]}}},{"ty":"gf","e":{"a":0,"k":[128.83,193.66]},"g":{"p":3,"k":{"a":0,"k":[0,1,0.86,0.84,0.5,1,0.92,0.9,1,1,0.85,0.8,0,1,0.5,1,1,1]}},"t":1,"o":{"a":0,"k":100},"s":{"a":0,"k":[192.86,193.66]}},{"ty":"tr","o":{"a":0,"k":100}}]},{"ty":"gr","it":[{"ty":"sh","ks":{"a":0,"k":{"c":true,"i":[[0,0],[0,0],[-8.03,-4.64],[0,0],[0,0],[0,0],[0,7.33],[0,0]],"o":[[0,0],[0.15,6.98],[0,0],[0,0],[0,0],[-8.23,-4.75],[0,0],[0,0]],"v":[[19.73,92.79],[19.73,93.12],[32.88,111.08],[32.99,111.14],[32.99,157.87],[32.66,157.68],[19.29,139],[19.29,92.79]]}}},{"ty":"sh","ks":{"a":0,"k":{"c":true,"i":[[0,0],[-7.96,-4.7],[0,0],[1.4,5.81]],"o":[[0,7.01],[0,0],[-6.76,-3.93],[0,0]],"v":[[19.73,139],[32.55,157.1],[32.55,111.39],[19.73,96.48]]}}},{"ty":"fl","c":{"a":0,"k":[0.25,0.05,0,1]},"o":{"a":0,"k":100}},{"ty":"tr","o":{"a":0,"k":100}}]},{"ty":"gr","it":[{"ty":"sh","ks":{"a":0,"k":{"c":true,"i":[[0,0],[-8.2,-4.73],[0,0],[0,7.22]],"o":[[0,7.22],[0,0],[-8.2,-4.73],[0,0]],"v":[[19.51,92.79],[32.77,111.27],[32.77,157.48],[19.51,139]]}}},{"ty":"gf","e":{"a":0,"k":[19.63,124.58]},"g":{"p":2,"k":{"a":0,"k":[0,1,0.85,0.8,1,1,0.67,0.56,0,1,1,1]}},"t":1,"o":{"a":0,"k":100},"s":{"a":0,"k":[32.8,123.46]}},{"ty":"tr","o":{"a":0,"k":100}}]},{"ty":"gr","it":[{"ty":"sh","ks":{"a":0,"k":{"c":true,"i":[[0,0],[0,0],[0,0],[0,0]],"o":[[0,0],[0,0],[0,0],[0,0]],"v":[[289.11,110.94],[289.11,157.6],[192.67,213.27],[192.67,166.62]]}}},{"ty":"sh","ks":{"a":0,"k":{"c":true,"i":[[0,0],[0,0],[0,0],[0,0]],"o":[[0,0],[0,0],[0,0],[0,0]],"v":[[193.05,212.61],[288.73,157.38],[288.73,111.6],[193.05,166.84]]}}},{"ty":"fl","c":{"a":0,"k":[0.29,0,0,1]},"o":{"a":0,"k":100}},{"ty":"tr","o":{"a":0,"k":100}}]},{"ty":"gr","it":[{"ty":"sh","ks":{"a":0,"k":{"c":true,"i":[[0,0],[0,0],[0,0],[0,0]],"o":[[0,0],[0,0],[0,0],[0,0]],"v":[[192.86,166.73],[288.92,111.27],[288.92,157.48],[192.86,212.94]]}}},{"ty":"gf","e":{"a":0,"k":[240.76,216.27]},"g":{"p":2,"k":{"a":0,"k":[0,1,0.78,0.71,1,1,0.85,0.8,0,1,1,1]}},"t":1,"o":{"a":0,"k":100},"s":{"a":0,"k":[289.14,133.05]}},{"ty":"tr","o":{"a":0,"k":100}}]},{"ty":"gr","it":[{"ty":"sh","ks":{"a":0,"k":{"c":true,"i":[[0,0],[0,0],[0,0],[0,0]],"o":[[0,0],[0,0],[0,0],[0,0]],"v":[[129.02,166.62],[129.02,213.27],[32.58,157.6],[32.58,110.94]]}}},{"ty":"sh","ks":{"a":0,"k":{"c":true,"i":[[0,0],[0,0],[0,0],[0,0]],"o":[[0,0],[0,0],[0,0],[0,0]],"v":[[32.96,157.38],[128.63,212.61],[128.63,166.84],[32.96,111.6]]}}},{"ty":"fl","c":{"a":0,"k":[0.25,0.05,0,1]},"o":{"a":0,"k":100}},{"ty":"tr","o":{"a":0,"k":100}}]},{"ty":"gr","it":[{"ty":"sh","ks":{"a":0,"k":{"c":true,"i":[[0,0],[0,0],[0,0],[0,0]],"o":[[0,0],[0,0],[0,0],[0,0]],"v":[[32.77,111.27],[128.82,166.73],[128.82,212.94],[32.77,157.48]]}}},{"ty":"gf","e":{"a":0,"k":[80.89,216.51]},"g":{"p":2,"k":{"a":0,"k":[0,1,0.85,0.8,1,1,0.8,0.76,0,1,1,1]}},"t":1,"o":{"a":0,"k":100},"s":{"a":0,"k":[129.04,188.77]}},{"ty":"tr","o":{"a":0,"k":100}}]},{"ty":"gr","it":[{"ty":"sh","ks":{"a":0,"k":{"c":true,"i":[[0,0],[17.58,10.15],[0,0],[17.58,-10.15],[0,0],[-17.57,-10.15],[0,0],[-17.57,10.15]],"o":[[17.58,-10.15],[0,0],[-17.57,-10.15],[0,0],[-17.57,10.15],[0,0],[17.58,10.15],[0,0]],"v":[[288.72,111.16],[288.72,74.41],[192.66,18.95],[129.02,18.95],[32.96,74.41],[32.96,111.16],[129.02,166.62],[192.66,166.62]]}}},{"ty":"sh","ks":{"a":0,"k":{"c":true,"i":[[0,0],[17.79,10.27],[0,0],[-17.79,10.27],[0,0],[-17.79,-10.27],[0,0],[17.79,-10.27]],"o":[[-17.79,10.27],[0,0],[-17.79,-10.27],[0,0],[17.79,-10.27],[0,0],[17.79,10.27],[0,0]],"v":[[193.05,166.84],[128.63,166.84],[32.57,111.38],[32.57,74.19],[128.63,18.73],[193.05,18.73],[289.11,74.19],[289.11,111.38]]}}},{"ty":"fl","c":{"a":0,"k":[0.25,0.05,0,1]},"o":{"a":0,"k":100}},{"ty":"tr","o":{"a":0,"k":100}}]},{"ty":"gr","it":[{"ty":"sh","ks":{"a":0,"k":{"c":true,"i":[[0,0],[-17.68,-10.21],[0,0],[17.68,-10.21],[0,0],[17.68,10.21],[0,0],[-17.68,10.21]],"o":[[17.68,-10.21],[0,0],[17.68,10.21],[0,0],[-17.68,10.21],[0,0],[-17.68,-10.21],[0,0]],"v":[[128.82,18.84],[192.86,18.84],[288.92,74.3],[288.92,111.27],[192.86,166.73],[128.82,166.73],[32.77,111.27],[32.77,74.3]]}}},{"ty":"fl","c":{"a":0,"k":[1,0.86,0.84,1]},"o":{"a":0,"k":100}},{"ty":"tr","o":{"a":0,"k":100}}]},{"ty":"tr","o":{"a":0,"k":100}}]}]}]},{"id":"31","layers":[{"ind":30,"ty":0,"parent":26,"ks":{},"w":429,"h":295,"ip":0,"op":241,"st":0,"refId":"28"},{"ind":26,"ty":3,"ks":{"s":{"a":0,"k":[94.41,94.92]}},"ip":0,"op":241,"st":0}]},{"id":"36","layers":[{"ind":35,"ty":4,"ks":{},"ip":0,"op":241,"st":0,"shapes":[{"ty":"rc","p":{"a":0,"k":[214.5,147.5]},"r":{"a":0,"k":0},"s":{"a":0,"k":[429,295]}},{"ty":"fl","c":{"a":0,"k":[0,0,0,0]},"o":{"a":0,"k":0}}]},{"ind":0,"ty":4,"ks":{"s":{"a":0,"k":[133.33,133.33]}},"ip":0,"op":241,"st":0,"shapes":[{"ty":"gr","it":[{"ty":"gr","it":[{"ty":"sh","ks":{"a":0,"k":{"c":true,"i":[[0,0],[6.76,-3.93],[0,0],[0,7.01]],"o":[[-1.4,5.81],[0,0],[7.96,-4.7],[0,0]],"v":[[301.96,96.48],[289.14,111.39],[289.14,157.1],[301.96,139]]}}},{"ty":"sh","ks":{"a":0,"k":{"c":true,"i":[[0,0],[8.23,-4.75],[0,0],[0,0],[0,0],[0,7.11],[0,0]],"o":[[0,7.33],[0,0],[0,0],[0,0],[8.16,-4.71],[0,0],[0,0]],"v":[[302.4,139],[289.02,157.68],[288.7,157.87],[288.7,111.14],[288.8,111.08],[301.96,92.79],[302.4,92.79]]}}},{"ty":"fl","c":{"a":0,"k":[0.25,0.05,0,1]},"o":{"a":0,"k":100}},{"ty":"tr","o":{"a":0,"k":100}}]},{"ty":"gr","it":[{"ty":"sh","ks":{"a":0,"k":{"c":true,"i":[[0,0],[8.2,-4.73],[0,0],[0,7.22]],"o":[[0,7.22],[0,0],[8.2,-4.73],[0,0]],"v":[[302.18,92.79],[288.91,111.27],[288.91,157.48],[302.18,139]]}}},{"ty":"gf","e":{"a":0,"k":[289.03,124.58]},"g":{"p":2,"k":{"a":0,"k":[0,1,0.67,0.56,1,1,0.85,0.8,0,1,1,1]}},"t":1,"o":{"a":0,"k":100},"s":{"a":0,"k":[302.21,123.46]}},{"ty":"tr","o":{"a":0,"k":100}}]},{"ty":"gr","it":[{"ty":"sh","ks":{"a":0,"k":{"c":true,"i":[[0,0],[0,0],[11.62,0],[8.88,5.13],[0,0],[0,0],[0,0],[-11.56,0],[-8.8,5.08],[0,0]],"o":[[0,0],[-8.88,5.13],[-11.62,0],[0,0],[0,0],[0,0],[8.8,5.08],[11.56,0],[0,0],[0,0]],"v":[[193.08,213.07],[192.97,213.13],[160.84,220.82],[128.71,213.13],[128.61,213.07],[128.61,166.34],[128.93,166.54],[160.84,174.16],[192.75,166.54],[193.08,166.34]]}}},{"ty":"sh","ks":{"a":0,"k":{"c":true,"i":[[0,0],[11.47,0],[8.84,5],[0,0],[-11.51,0],[-8.79,5.04]],"o":[[-8.84,5],[-11.47,0],[0,0],[8.79,5.04],[11.51,0],[0,0]],"v":[[192.64,167.11],[160.84,174.61],[129.05,167.11],[129.05,212.81],[160.84,220.38],[192.64,212.81]]}}},{"ty":"fl","c":{"a":0,"k":[0.25,0.05,0,1]},"o":{"a":0,"k":100}},{"ty":"tr","o":{"a":0,"k":100}}]},{"ty":"gr","it":[{"ty":"sh","ks":{"a":0,"k":{"c":true,"i":[[0,0],[-17.68,10.21],[0,0],[17.68,10.21]],"o":[[17.68,10.21],[0,0],[-17.68,10.21],[0,0]],"v":[[128.82,166.73],[192.86,166.73],[192.86,212.94],[128.82,212.94]]}}},{"ty":"gf","e":{"a":0,"k":[128.83,193.66]},"g":{"p":3,"k":{"a":0,"k":[0,1,0.86,0.84,0.5,1,0.92,0.9,1,1,0.85,0.8,0,1,0.5,1,1,1]}},"t":1,"o":{"a":0,"k":100},"s":{"a":0,"k":[192.86,193.66]}},{"ty":"tr","o":{"a":0,"k":100}}]},{"ty":"gr","it":[{"ty":"sh","ks":{"a":0,"k":{"c":true,"i":[[0,0],[0,0],[-8.03,-4.64],[0,0],[0,0],[0,0],[0,7.33],[0,0]],"o":[[0,0],[0.15,6.98],[0,0],[0,0],[0,0],[-8.23,-4.75],[0,0],[0,0]],"v":[[19.73,92.79],[19.73,93.12],[32.88,111.08],[32.99,111.14],[32.99,157.87],[32.66,157.68],[19.29,139],[19.29,92.79]]}}},{"ty":"sh","ks":{"a":0,"k":{"c":true,"i":[[0,0],[-7.96,-4.7],[0,0],[1.4,5.81]],"o":[[0,7.01],[0,0],[-6.76,-3.93],[0,0]],"v":[[19.73,139],[32.55,157.1],[32.55,111.39],[19.73,96.48]]}}},{"ty":"fl","c":{"a":0,"k":[0.25,0.05,0,1]},"o":{"a":0,"k":100}},{"ty":"tr","o":{"a":0,"k":100}}]},{"ty":"gr","it":[{"ty":"sh","ks":{"a":0,"k":{"c":true,"i":[[0,0],[-8.2,-4.73],[0,0],[0,7.22]],"o":[[0,7.22],[0,0],[-8.2,-4.73],[0,0]],"v":[[19.51,92.79],[32.77,111.27],[32.77,157.48],[19.51,139]]}}},{"ty":"gf","e":{"a":0,"k":[19.63,124.58]},"g":{"p":2,"k":{"a":0,"k":[0,1,0.85,0.8,1,1,0.67,0.56,0,1,1,1]}},"t":1,"o":{"a":0,"k":100},"s":{"a":0,"k":[32.8,123.46]}},{"ty":"tr","o":{"a":0,"k":100}}]},{"ty":"gr","it":[{"ty":"sh","ks":{"a":0,"k":{"c":true,"i":[[0,0],[0,0],[0,0],[0,0]],"o":[[0,0],[0,0],[0,0],[0,0]],"v":[[289.11,110.94],[289.11,157.6],[192.67,213.27],[192.67,166.62]]}}},{"ty":"sh","ks":{"a":0,"k":{"c":true,"i":[[0,0],[0,0],[0,0],[0,0]],"o":[[0,0],[0,0],[0,0],[0,0]],"v":[[193.05,212.61],[288.73,157.38],[288.73,111.6],[193.05,166.84]]}}},{"ty":"fl","c":{"a":0,"k":[0.29,0,0,1]},"o":{"a":0,"k":100}},{"ty":"tr","o":{"a":0,"k":100}}]},{"ty":"gr","it":[{"ty":"sh","ks":{"a":0,"k":{"c":true,"i":[[0,0],[0,0],[0,0],[0,0]],"o":[[0,0],[0,0],[0,0],[0,0]],"v":[[192.86,166.73],[288.92,111.27],[288.92,157.48],[192.86,212.94]]}}},{"ty":"gf","e":{"a":0,"k":[240.76,216.27]},"g":{"p":2,"k":{"a":0,"k":[0,1,0.78,0.71,1,1,0.85,0.8,0,1,1,1]}},"t":1,"o":{"a":0,"k":100},"s":{"a":0,"k":[289.14,133.05]}},{"ty":"tr","o":{"a":0,"k":100}}]},{"ty":"gr","it":[{"ty":"sh","ks":{"a":0,"k":{"c":true,"i":[[0,0],[0,0],[0,0],[0,0]],"o":[[0,0],[0,0],[0,0],[0,0]],"v":[[129.02,166.62],[129.02,213.27],[32.58,157.6],[32.58,110.94]]}}},{"ty":"sh","ks":{"a":0,"k":{"c":true,"i":[[0,0],[0,0],[0,0],[0,0]],"o":[[0,0],[0,0],[0,0],[0,0]],"v":[[32.96,157.38],[128.63,212.61],[128.63,166.84],[32.96,111.6]]}}},{"ty":"fl","c":{"a":0,"k":[0.25,0.05,0,1]},"o":{"a":0,"k":100}},{"ty":"tr","o":{"a":0,"k":100}}]},{"ty":"gr","it":[{"ty":"sh","ks":{"a":0,"k":{"c":true,"i":[[0,0],[0,0],[0,0],[0,0]],"o":[[0,0],[0,0],[0,0],[0,0]],"v":[[32.77,111.27],[128.82,166.73],[128.82,212.94],[32.77,157.48]]}}},{"ty":"gf","e":{"a":0,"k":[80.89,216.51]},"g":{"p":2,"k":{"a":0,"k":[0,1,0.85,0.8,1,1,0.8,0.76,0,1,1,1]}},"t":1,"o":{"a":0,"k":100},"s":{"a":0,"k":[129.04,188.77]}},{"ty":"tr","o":{"a":0,"k":100}}]},{"ty":"gr","it":[{"ty":"sh","ks":{"a":0,"k":{"c":true,"i":[[0,0],[17.58,10.15],[0,0],[17.58,-10.15],[0,0],[-17.57,-10.15],[0,0],[-17.57,10.15]],"o":[[17.58,-10.15],[0,0],[-17.57,-10.15],[0,0],[-17.57,10.15],[0,0],[17.58,10.15],[0,0]],"v":[[288.72,111.16],[288.72,74.41],[192.66,18.95],[129.02,18.95],[32.96,74.41],[32.96,111.16],[129.02,166.62],[192.66,166.62]]}}},{"ty":"sh","ks":{"a":0,"k":{"c":true,"i":[[0,0],[17.79,10.27],[0,0],[-17.79,10.27],[0,0],[-17.79,-10.27],[0,0],[17.79,-10.27]],"o":[[-17.79,10.27],[0,0],[-17.79,-10.27],[0,0],[17.79,-10.27],[0,0],[17.79,10.27],[0,0]],"v":[[193.05,166.84],[128.63,166.84],[32.57,111.38],[32.57,74.19],[128.63,18.73],[193.05,18.73],[289.11,74.19],[289.11,111.38]]}}},{"ty":"fl","c":{"a":0,"k":[0.25,0.05,0,1]},"o":{"a":0,"k":100}},{"ty":"tr","o":{"a":0,"k":100}}]},{"ty":"gr","it":[{"ty":"sh","ks":{"a":0,"k":{"c":true,"i":[[0,0],[-17.68,-10.21],[0,0],[17.68,-10.21],[0,0],[17.68,10.21],[0,0],[-17.68,10.21]],"o":[[17.68,-10.21],[0,0],[17.68,10.21],[0,0],[-17.68,10.21],[0,0],[-17.68,-10.21],[0,0]],"v":[[128.82,18.84],[192.86,18.84],[288.92,74.3],[288.92,111.27],[192.86,166.73],[128.82,166.73],[32.77,111.27],[32.77,74.3]]}}},{"ty":"fl","c":{"a":0,"k":[1,0.86,0.84,1]},"o":{"a":0,"k":100}},{"ty":"tr","o":{"a":0,"k":100}}]},{"ty":"tr","o":{"a":0,"k":100}}]}]}]},{"id":"39","layers":[{"ind":38,"ty":0,"parent":34,"ks":{},"w":429,"h":295,"ip":0,"op":241,"st":0,"refId":"36"},{"ind":34,"ty":3,"ks":{"s":{"a":0,"k":[94.41,94.92]}},"ip":0,"op":241,"st":0}]},{"id":"44","layers":[{"ind":43,"ty":4,"ks":{},"ip":0,"op":241,"st":0,"shapes":[{"ty":"rc","p":{"a":0,"k":[214.5,147.5]},"r":{"a":0,"k":0},"s":{"a":0,"k":[429,295]}},{"ty":"fl","c":{"a":0,"k":[0,0,0,0]},"o":{"a":0,"k":0}}]},{"ind":0,"ty":4,"ks":{"s":{"a":0,"k":[133.33,133.33]}},"ip":0,"op":241,"st":0,"shapes":[{"ty":"gr","it":[{"ty":"gr","it":[{"ty":"sh","ks":{"a":0,"k":{"c":true,"i":[[0,0],[6.76,-3.93],[0,0],[0,7.01]],"o":[[-1.4,5.81],[0,0],[7.96,-4.7],[0,0]],"v":[[301.96,96.48],[289.14,111.39],[289.14,157.1],[301.96,139]]}}},{"ty":"sh","ks":{"a":0,"k":{"c":true,"i":[[0,0],[8.23,-4.75],[0,0],[0,0],[0,0],[0,7.11],[0,0]],"o":[[0,7.33],[0,0],[0,0],[0,0],[8.16,-4.71],[0,0],[0,0]],"v":[[302.4,139],[289.02,157.68],[288.7,157.87],[288.7,111.14],[288.8,111.08],[301.96,92.79],[302.4,92.79]]}}},{"ty":"fl","c":{"a":0,"k":[0.25,0.05,0,1]},"o":{"a":0,"k":100}},{"ty":"tr","o":{"a":0,"k":100}}]},{"ty":"gr","it":[{"ty":"sh","ks":{"a":0,"k":{"c":true,"i":[[0,0],[8.2,-4.73],[0,0],[0,7.22]],"o":[[0,7.22],[0,0],[8.2,-4.73],[0,0]],"v":[[302.18,92.79],[288.91,111.27],[288.91,157.48],[302.18,139]]}}},{"ty":"gf","e":{"a":0,"k":[289.03,124.58]},"g":{"p":2,"k":{"a":0,"k":[0,1,0.67,0.56,1,1,0.85,0.8,0,1,1,1]}},"t":1,"o":{"a":0,"k":100},"s":{"a":0,"k":[302.21,123.46]}},{"ty":"tr","o":{"a":0,"k":100}}]},{"ty":"gr","it":[{"ty":"sh","ks":{"a":0,"k":{"c":true,"i":[[0,0],[0,0],[11.62,0],[8.88,5.13],[0,0],[0,0],[0,0],[-11.56,0],[-8.8,5.08],[0,0]],"o":[[0,0],[-8.88,5.13],[-11.62,0],[0,0],[0,0],[0,0],[8.8,5.08],[11.56,0],[0,0],[0,0]],"v":[[193.08,213.07],[192.97,213.13],[160.84,220.82],[128.71,213.13],[128.61,213.07],[128.61,166.34],[128.93,166.54],[160.84,174.16],[192.75,166.54],[193.08,166.34]]}}},{"ty":"sh","ks":{"a":0,"k":{"c":true,"i":[[0,0],[11.47,0],[8.84,5],[0,0],[-11.51,0],[-8.79,5.04]],"o":[[-8.84,5],[-11.47,0],[0,0],[8.79,5.04],[11.51,0],[0,0]],"v":[[192.64,167.11],[160.84,174.61],[129.05,167.11],[129.05,212.81],[160.84,220.38],[192.64,212.81]]}}},{"ty":"fl","c":{"a":0,"k":[0.25,0.05,0,1]},"o":{"a":0,"k":100}},{"ty":"tr","o":{"a":0,"k":100}}]},{"ty":"gr","it":[{"ty":"sh","ks":{"a":0,"k":{"c":true,"i":[[0,0],[-17.68,10.21],[0,0],[17.68,10.21]],"o":[[17.68,10.21],[0,0],[-17.68,10.21],[0,0]],"v":[[128.82,166.73],[192.86,166.73],[192.86,212.94],[128.82,212.94]]}}},{"ty":"gf","e":{"a":0,"k":[128.83,193.66]},"g":{"p":3,"k":{"a":0,"k":[0,1,0.86,0.84,0.5,1,0.92,0.9,1,1,0.85,0.8,0,1,0.5,1,1,1]}},"t":1,"o":{"a":0,"k":100},"s":{"a":0,"k":[192.86,193.66]}},{"ty":"tr","o":{"a":0,"k":100}}]},{"ty":"gr","it":[{"ty":"sh","ks":{"a":0,"k":{"c":true,"i":[[0,0],[0,0],[-8.03,-4.64],[0,0],[0,0],[0,0],[0,7.33],[0,0]],"o":[[0,0],[0.15,6.98],[0,0],[0,0],[0,0],[-8.23,-4.75],[0,0],[0,0]],"v":[[19.73,92.79],[19.73,93.12],[32.88,111.08],[32.99,111.14],[32.99,157.87],[32.66,157.68],[19.29,139],[19.29,92.79]]}}},{"ty":"sh","ks":{"a":0,"k":{"c":true,"i":[[0,0],[-7.96,-4.7],[0,0],[1.4,5.81]],"o":[[0,7.01],[0,0],[-6.76,-3.93],[0,0]],"v":[[19.73,139],[32.55,157.1],[32.55,111.39],[19.73,96.48]]}}},{"ty":"fl","c":{"a":0,"k":[0.25,0.05,0,1]},"o":{"a":0,"k":100}},{"ty":"tr","o":{"a":0,"k":100}}]},{"ty":"gr","it":[{"ty":"sh","ks":{"a":0,"k":{"c":true,"i":[[0,0],[-8.2,-4.73],[0,0],[0,7.22]],"o":[[0,7.22],[0,0],[-8.2,-4.73],[0,0]],"v":[[19.51,92.79],[32.77,111.27],[32.77,157.48],[19.51,139]]}}},{"ty":"gf","e":{"a":0,"k":[19.63,124.58]},"g":{"p":2,"k":{"a":0,"k":[0,1,0.85,0.8,1,1,0.67,0.56,0,1,1,1]}},"t":1,"o":{"a":0,"k":100},"s":{"a":0,"k":[32.8,123.46]}},{"ty":"tr","o":{"a":0,"k":100}}]},{"ty":"gr","it":[{"ty":"sh","ks":{"a":0,"k":{"c":true,"i":[[0,0],[0,0],[0,0],[0,0]],"o":[[0,0],[0,0],[0,0],[0,0]],"v":[[289.11,110.94],[289.11,157.6],[192.67,213.27],[192.67,166.62]]}}},{"ty":"sh","ks":{"a":0,"k":{"c":true,"i":[[0,0],[0,0],[0,0],[0,0]],"o":[[0,0],[0,0],[0,0],[0,0]],"v":[[193.05,212.61],[288.73,157.38],[288.73,111.6],[193.05,166.84]]}}},{"ty":"fl","c":{"a":0,"k":[0.29,0,0,1]},"o":{"a":0,"k":100}},{"ty":"tr","o":{"a":0,"k":100}}]},{"ty":"gr","it":[{"ty":"sh","ks":{"a":0,"k":{"c":true,"i":[[0,0],[0,0],[0,0],[0,0]],"o":[[0,0],[0,0],[0,0],[0,0]],"v":[[192.86,166.73],[288.92,111.27],[288.92,157.48],[192.86,212.94]]}}},{"ty":"gf","e":{"a":0,"k":[240.76,216.27]},"g":{"p":2,"k":{"a":0,"k":[0,1,0.78,0.71,1,1,0.85,0.8,0,1,1,1]}},"t":1,"o":{"a":0,"k":100},"s":{"a":0,"k":[289.14,133.05]}},{"ty":"tr","o":{"a":0,"k":100}}]},{"ty":"gr","it":[{"ty":"sh","ks":{"a":0,"k":{"c":true,"i":[[0,0],[0,0],[0,0],[0,0]],"o":[[0,0],[0,0],[0,0],[0,0]],"v":[[129.02,166.62],[129.02,213.27],[32.58,157.6],[32.58,110.94]]}}},{"ty":"sh","ks":{"a":0,"k":{"c":true,"i":[[0,0],[0,0],[0,0],[0,0]],"o":[[0,0],[0,0],[0,0],[0,0]],"v":[[32.96,157.38],[128.63,212.61],[128.63,166.84],[32.96,111.6]]}}},{"ty":"fl","c":{"a":0,"k":[0.25,0.05,0,1]},"o":{"a":0,"k":100}},{"ty":"tr","o":{"a":0,"k":100}}]},{"ty":"gr","it":[{"ty":"sh","ks":{"a":0,"k":{"c":true,"i":[[0,0],[0,0],[0,0],[0,0]],"o":[[0,0],[0,0],[0,0],[0,0]],"v":[[32.77,111.27],[128.82,166.73],[128.82,212.94],[32.77,157.48]]}}},{"ty":"gf","e":{"a":0,"k":[80.89,216.51]},"g":{"p":2,"k":{"a":0,"k":[0,1,0.85,0.8,1,1,0.8,0.76,0,1,1,1]}},"t":1,"o":{"a":0,"k":100},"s":{"a":0,"k":[129.04,188.77]}},{"ty":"tr","o":{"a":0,"k":100}}]},{"ty":"gr","it":[{"ty":"sh","ks":{"a":0,"k":{"c":true,"i":[[0,0],[17.58,10.15],[0,0],[17.58,-10.15],[0,0],[-17.57,-10.15],[0,0],[-17.57,10.15]],"o":[[17.58,-10.15],[0,0],[-17.57,-10.15],[0,0],[-17.57,10.15],[0,0],[17.58,10.15],[0,0]],"v":[[288.72,111.16],[288.72,74.41],[192.66,18.95],[129.02,18.95],[32.96,74.41],[32.96,111.16],[129.02,166.62],[192.66,166.62]]}}},{"ty":"sh","ks":{"a":0,"k":{"c":true,"i":[[0,0],[17.79,10.27],[0,0],[-17.79,10.27],[0,0],[-17.79,-10.27],[0,0],[17.79,-10.27]],"o":[[-17.79,10.27],[0,0],[-17.79,-10.27],[0,0],[17.79,-10.27],[0,0],[17.79,10.27],[0,0]],"v":[[193.05,166.84],[128.63,166.84],[32.57,111.38],[32.57,74.19],[128.63,18.73],[193.05,18.73],[289.11,74.19],[289.11,111.38]]}}},{"ty":"fl","c":{"a":0,"k":[0.25,0.05,0,1]},"o":{"a":0,"k":100}},{"ty":"tr","o":{"a":0,"k":100}}]},{"ty":"gr","it":[{"ty":"sh","ks":{"a":0,"k":{"c":true,"i":[[0,0],[-17.68,-10.21],[0,0],[17.68,-10.21],[0,0],[17.68,10.21],[0,0],[-17.68,10.21]],"o":[[17.68,-10.21],[0,0],[17.68,10.21],[0,0],[-17.68,10.21],[0,0],[-17.68,-10.21],[0,0]],"v":[[128.82,18.84],[192.86,18.84],[288.92,74.3],[288.92,111.27],[192.86,166.73],[128.82,166.73],[32.77,111.27],[32.77,74.3]]}}},{"ty":"fl","c":{"a":0,"k":[1,0.86,0.84,1]},"o":{"a":0,"k":100}},{"ty":"tr","o":{"a":0,"k":100}}]},{"ty":"tr","o":{"a":0,"k":100}}]}]}]},{"id":"47","layers":[{"ind":46,"ty":0,"parent":42,"ks":{},"w":429,"h":295,"ip":0,"op":241,"st":0,"refId":"44"},{"ind":42,"ty":3,"ks":{"s":{"a":0,"k":[94.41,94.92]}},"ip":0,"op":241,"st":0}]},{"id":"52","layers":[{"ind":51,"ty":4,"ks":{},"ip":0,"op":241,"st":0,"shapes":[{"ty":"rc","p":{"a":0,"k":[214.5,147.5]},"r":{"a":0,"k":0},"s":{"a":0,"k":[429,295]}},{"ty":"fl","c":{"a":0,"k":[0,0,0,0]},"o":{"a":0,"k":0}}]},{"ind":0,"ty":4,"ks":{"s":{"a":0,"k":[133.33,133.33]}},"ip":0,"op":241,"st":0,"shapes":[{"ty":"gr","it":[{"ty":"gr","it":[{"ty":"sh","ks":{"a":0,"k":{"c":true,"i":[[0,0],[6.76,-3.93],[0,0],[0,7.01]],"o":[[-1.4,5.81],[0,0],[7.96,-4.7],[0,0]],"v":[[301.96,96.48],[289.14,111.39],[289.14,157.1],[301.96,139]]}}},{"ty":"sh","ks":{"a":0,"k":{"c":true,"i":[[0,0],[8.23,-4.75],[0,0],[0,0],[0,0],[0,7.11],[0,0]],"o":[[0,7.33],[0,0],[0,0],[0,0],[8.16,-4.71],[0,0],[0,0]],"v":[[302.4,139],[289.02,157.68],[288.7,157.87],[288.7,111.14],[288.8,111.08],[301.96,92.79],[302.4,92.79]]}}},{"ty":"fl","c":{"a":0,"k":[0.25,0.05,0,1]},"o":{"a":0,"k":100}},{"ty":"tr","o":{"a":0,"k":100}}]},{"ty":"gr","it":[{"ty":"sh","ks":{"a":0,"k":{"c":true,"i":[[0,0],[8.2,-4.73],[0,0],[0,7.22]],"o":[[0,7.22],[0,0],[8.2,-4.73],[0,0]],"v":[[302.18,92.79],[288.91,111.27],[288.91,157.48],[302.18,139]]}}},{"ty":"gf","e":{"a":0,"k":[289.03,124.58]},"g":{"p":2,"k":{"a":0,"k":[0,1,0.67,0.56,1,1,0.85,0.8,0,1,1,1]}},"t":1,"o":{"a":0,"k":100},"s":{"a":0,"k":[302.21,123.46]}},{"ty":"tr","o":{"a":0,"k":100}}]},{"ty":"gr","it":[{"ty":"sh","ks":{"a":0,"k":{"c":true,"i":[[0,0],[0,0],[11.62,0],[8.88,5.13],[0,0],[0,0],[0,0],[-11.56,0],[-8.8,5.08],[0,0]],"o":[[0,0],[-8.88,5.13],[-11.62,0],[0,0],[0,0],[0,0],[8.8,5.08],[11.56,0],[0,0],[0,0]],"v":[[193.08,213.07],[192.97,213.13],[160.84,220.82],[128.71,213.13],[128.61,213.07],[128.61,166.34],[128.93,166.54],[160.84,174.16],[192.75,166.54],[193.08,166.34]]}}},{"ty":"sh","ks":{"a":0,"k":{"c":true,"i":[[0,0],[11.47,0],[8.84,5],[0,0],[-11.51,0],[-8.79,5.04]],"o":[[-8.84,5],[-11.47,0],[0,0],[8.79,5.04],[11.51,0],[0,0]],"v":[[192.64,167.11],[160.84,174.61],[129.05,167.11],[129.05,212.81],[160.84,220.38],[192.64,212.81]]}}},{"ty":"fl","c":{"a":0,"k":[0.25,0.05,0,1]},"o":{"a":0,"k":100}},{"ty":"tr","o":{"a":0,"k":100}}]},{"ty":"gr","it":[{"ty":"sh","ks":{"a":0,"k":{"c":true,"i":[[0,0],[-17.68,10.21],[0,0],[17.68,10.21]],"o":[[17.68,10.21],[0,0],[-17.68,10.21],[0,0]],"v":[[128.82,166.73],[192.86,166.73],[192.86,212.94],[128.82,212.94]]}}},{"ty":"gf","e":{"a":0,"k":[128.83,193.66]},"g":{"p":3,"k":{"a":0,"k":[0,1,0.86,0.84,0.5,1,0.92,0.9,1,1,0.85,0.8,0,1,0.5,1,1,1]}},"t":1,"o":{"a":0,"k":100},"s":{"a":0,"k":[192.86,193.66]}},{"ty":"tr","o":{"a":0,"k":100}}]},{"ty":"gr","it":[{"ty":"sh","ks":{"a":0,"k":{"c":true,"i":[[0,0],[0,0],[-8.03,-4.64],[0,0],[0,0],[0,0],[0,7.33],[0,0]],"o":[[0,0],[0.15,6.98],[0,0],[0,0],[0,0],[-8.23,-4.75],[0,0],[0,0]],"v":[[19.73,92.79],[19.73,93.12],[32.88,111.08],[32.99,111.14],[32.99,157.87],[32.66,157.68],[19.29,139],[19.29,92.79]]}}},{"ty":"sh","ks":{"a":0,"k":{"c":true,"i":[[0,0],[-7.96,-4.7],[0,0],[1.4,5.81]],"o":[[0,7.01],[0,0],[-6.76,-3.93],[0,0]],"v":[[19.73,139],[32.55,157.1],[32.55,111.39],[19.73,96.48]]}}},{"ty":"fl","c":{"a":0,"k":[0.25,0.05,0,1]},"o":{"a":0,"k":100}},{"ty":"tr","o":{"a":0,"k":100}}]},{"ty":"gr","it":[{"ty":"sh","ks":{"a":0,"k":{"c":true,"i":[[0,0],[-8.2,-4.73],[0,0],[0,7.22]],"o":[[0,7.22],[0,0],[-8.2,-4.73],[0,0]],"v":[[19.51,92.79],[32.77,111.27],[32.77,157.48],[19.51,139]]}}},{"ty":"gf","e":{"a":0,"k":[19.63,124.58]},"g":{"p":2,"k":{"a":0,"k":[0,1,0.85,0.8,1,1,0.67,0.56,0,1,1,1]}},"t":1,"o":{"a":0,"k":100},"s":{"a":0,"k":[32.8,123.46]}},{"ty":"tr","o":{"a":0,"k":100}}]},{"ty":"gr","it":[{"ty":"sh","ks":{"a":0,"k":{"c":true,"i":[[0,0],[0,0],[0,0],[0,0]],"o":[[0,0],[0,0],[0,0],[0,0]],"v":[[289.11,110.94],[289.11,157.6],[192.67,213.27],[192.67,166.62]]}}},{"ty":"sh","ks":{"a":0,"k":{"c":true,"i":[[0,0],[0,0],[0,0],[0,0]],"o":[[0,0],[0,0],[0,0],[0,0]],"v":[[193.05,212.61],[288.73,157.38],[288.73,111.6],[193.05,166.84]]}}},{"ty":"fl","c":{"a":0,"k":[0.29,0,0,1]},"o":{"a":0,"k":100}},{"ty":"tr","o":{"a":0,"k":100}}]},{"ty":"gr","it":[{"ty":"sh","ks":{"a":0,"k":{"c":true,"i":[[0,0],[0,0],[0,0],[0,0]],"o":[[0,0],[0,0],[0,0],[0,0]],"v":[[192.86,166.73],[288.92,111.27],[288.92,157.48],[192.86,212.94]]}}},{"ty":"gf","e":{"a":0,"k":[240.76,216.27]},"g":{"p":2,"k":{"a":0,"k":[0,1,0.78,0.71,1,1,0.85,0.8,0,1,1,1]}},"t":1,"o":{"a":0,"k":100},"s":{"a":0,"k":[289.14,133.05]}},{"ty":"tr","o":{"a":0,"k":100}}]},{"ty":"gr","it":[{"ty":"sh","ks":{"a":0,"k":{"c":true,"i":[[0,0],[0,0],[0,0],[0,0]],"o":[[0,0],[0,0],[0,0],[0,0]],"v":[[129.02,166.62],[129.02,213.27],[32.58,157.6],[32.58,110.94]]}}},{"ty":"sh","ks":{"a":0,"k":{"c":true,"i":[[0,0],[0,0],[0,0],[0,0]],"o":[[0,0],[0,0],[0,0],[0,0]],"v":[[32.96,157.38],[128.63,212.61],[128.63,166.84],[32.96,111.6]]}}},{"ty":"fl","c":{"a":0,"k":[0.25,0.05,0,1]},"o":{"a":0,"k":100}},{"ty":"tr","o":{"a":0,"k":100}}]},{"ty":"gr","it":[{"ty":"sh","ks":{"a":0,"k":{"c":true,"i":[[0,0],[0,0],[0,0],[0,0]],"o":[[0,0],[0,0],[0,0],[0,0]],"v":[[32.77,111.27],[128.82,166.73],[128.82,212.94],[32.77,157.48]]}}},{"ty":"gf","e":{"a":0,"k":[80.89,216.51]},"g":{"p":2,"k":{"a":0,"k":[0,1,0.85,0.8,1,1,0.8,0.76,0,1,1,1]}},"t":1,"o":{"a":0,"k":100},"s":{"a":0,"k":[129.04,188.77]}},{"ty":"tr","o":{"a":0,"k":100}}]},{"ty":"gr","it":[{"ty":"sh","ks":{"a":0,"k":{"c":true,"i":[[0,0],[17.58,10.15],[0,0],[17.58,-10.15],[0,0],[-17.57,-10.15],[0,0],[-17.57,10.15]],"o":[[17.58,-10.15],[0,0],[-17.57,-10.15],[0,0],[-17.57,10.15],[0,0],[17.58,10.15],[0,0]],"v":[[288.72,111.16],[288.72,74.41],[192.66,18.95],[129.02,18.95],[32.96,74.41],[32.96,111.16],[129.02,166.62],[192.66,166.62]]}}},{"ty":"sh","ks":{"a":0,"k":{"c":true,"i":[[0,0],[17.79,10.27],[0,0],[-17.79,10.27],[0,0],[-17.79,-10.27],[0,0],[17.79,-10.27]],"o":[[-17.79,10.27],[0,0],[-17.79,-10.27],[0,0],[17.79,-10.27],[0,0],[17.79,10.27],[0,0]],"v":[[193.05,166.84],[128.63,166.84],[32.57,111.38],[32.57,74.19],[128.63,18.73],[193.05,18.73],[289.11,74.19],[289.11,111.38]]}}},{"ty":"fl","c":{"a":0,"k":[0.25,0.05,0,1]},"o":{"a":0,"k":100}},{"ty":"tr","o":{"a":0,"k":100}}]},{"ty":"gr","it":[{"ty":"sh","ks":{"a":0,"k":{"c":true,"i":[[0,0],[-17.68,-10.21],[0,0],[17.68,-10.21],[0,0],[17.68,10.21],[0,0],[-17.68,10.21]],"o":[[17.68,-10.21],[0,0],[17.68,10.21],[0,0],[-17.68,10.21],[0,0],[-17.68,-10.21],[0,0]],"v":[[128.82,18.84],[192.86,18.84],[288.92,74.3],[288.92,111.27],[192.86,166.73],[128.82,166.73],[32.77,111.27],[32.77,74.3]]}}},{"ty":"fl","c":{"a":0,"k":[1,0.86,0.84,1]},"o":{"a":0,"k":100}},{"ty":"tr","o":{"a":0,"k":100}}]},{"ty":"tr","o":{"a":0,"k":100}}]}]}]},{"id":"55","layers":[{"ind":54,"ty":0,"parent":50,"ks":{},"w":429,"h":295,"ip":0,"op":241,"st":0,"refId":"52"},{"ind":50,"ty":3,"ks":{"s":{"a":0,"k":[94.41,94.92]}},"ip":0,"op":241,"st":0}]},{"id":"60","layers":[{"ind":59,"ty":4,"ks":{},"ip":0,"op":241,"st":0,"shapes":[{"ty":"rc","p":{"a":0,"k":[214.5,147.5]},"r":{"a":0,"k":0},"s":{"a":0,"k":[429,295]}},{"ty":"fl","c":{"a":0,"k":[0,0,0,0]},"o":{"a":0,"k":0}}]},{"ind":0,"ty":4,"ks":{"s":{"a":0,"k":[133.33,133.33]}},"ip":0,"op":241,"st":0,"shapes":[{"ty":"gr","it":[{"ty":"gr","it":[{"ty":"sh","ks":{"a":0,"k":{"c":true,"i":[[0,0],[6.76,-3.93],[0,0],[0,7.01]],"o":[[-1.4,5.81],[0,0],[7.96,-4.7],[0,0]],"v":[[301.96,96.48],[289.14,111.39],[289.14,157.1],[301.96,139]]}}},{"ty":"sh","ks":{"a":0,"k":{"c":true,"i":[[0,0],[8.23,-4.75],[0,0],[0,0],[0,0],[0,7.11],[0,0]],"o":[[0,7.33],[0,0],[0,0],[0,0],[8.16,-4.71],[0,0],[0,0]],"v":[[302.4,139],[289.02,157.68],[288.7,157.87],[288.7,111.14],[288.8,111.08],[301.96,92.79],[302.4,92.79]]}}},{"ty":"fl","c":{"a":0,"k":[0.25,0.05,0,1]},"o":{"a":0,"k":100}},{"ty":"tr","o":{"a":0,"k":100}}]},{"ty":"gr","it":[{"ty":"sh","ks":{"a":0,"k":{"c":true,"i":[[0,0],[8.2,-4.73],[0,0],[0,7.22]],"o":[[0,7.22],[0,0],[8.2,-4.73],[0,0]],"v":[[302.18,92.79],[288.91,111.27],[288.91,157.48],[302.18,139]]}}},{"ty":"gf","e":{"a":0,"k":[289.03,124.58]},"g":{"p":2,"k":{"a":0,"k":[0,1,0.67,0.56,1,1,0.85,0.8,0,1,1,1]}},"t":1,"o":{"a":0,"k":100},"s":{"a":0,"k":[302.21,123.46]}},{"ty":"tr","o":{"a":0,"k":100}}]},{"ty":"gr","it":[{"ty":"sh","ks":{"a":0,"k":{"c":true,"i":[[0,0],[0,0],[11.62,0],[8.88,5.13],[0,0],[0,0],[0,0],[-11.56,0],[-8.8,5.08],[0,0]],"o":[[0,0],[-8.88,5.13],[-11.62,0],[0,0],[0,0],[0,0],[8.8,5.08],[11.56,0],[0,0],[0,0]],"v":[[193.08,213.07],[192.97,213.13],[160.84,220.82],[128.71,213.13],[128.61,213.07],[128.61,166.34],[128.93,166.54],[160.84,174.16],[192.75,166.54],[193.08,166.34]]}}},{"ty":"sh","ks":{"a":0,"k":{"c":true,"i":[[0,0],[11.47,0],[8.84,5],[0,0],[-11.51,0],[-8.79,5.04]],"o":[[-8.84,5],[-11.47,0],[0,0],[8.79,5.04],[11.51,0],[0,0]],"v":[[192.64,167.11],[160.84,174.61],[129.05,167.11],[129.05,212.81],[160.84,220.38],[192.64,212.81]]}}},{"ty":"fl","c":{"a":0,"k":[0.25,0.05,0,1]},"o":{"a":0,"k":100}},{"ty":"tr","o":{"a":0,"k":100}}]},{"ty":"gr","it":[{"ty":"sh","ks":{"a":0,"k":{"c":true,"i":[[0,0],[-17.68,10.21],[0,0],[17.68,10.21]],"o":[[17.68,10.21],[0,0],[-17.68,10.21],[0,0]],"v":[[128.82,166.73],[192.86,166.73],[192.86,212.94],[128.82,212.94]]}}},{"ty":"gf","e":{"a":0,"k":[128.83,193.66]},"g":{"p":3,"k":{"a":0,"k":[0,1,0.86,0.84,0.5,1,0.92,0.9,1,1,0.85,0.8,0,1,0.5,1,1,1]}},"t":1,"o":{"a":0,"k":100},"s":{"a":0,"k":[192.86,193.66]}},{"ty":"tr","o":{"a":0,"k":100}}]},{"ty":"gr","it":[{"ty":"sh","ks":{"a":0,"k":{"c":true,"i":[[0,0],[0,0],[-8.03,-4.64],[0,0],[0,0],[0,0],[0,7.33],[0,0]],"o":[[0,0],[0.15,6.98],[0,0],[0,0],[0,0],[-8.23,-4.75],[0,0],[0,0]],"v":[[19.73,92.79],[19.73,93.12],[32.88,111.08],[32.99,111.14],[32.99,157.87],[32.66,157.68],[19.29,139],[19.29,92.79]]}}},{"ty":"sh","ks":{"a":0,"k":{"c":true,"i":[[0,0],[-7.96,-4.7],[0,0],[1.4,5.81]],"o":[[0,7.01],[0,0],[-6.76,-3.93],[0,0]],"v":[[19.73,139],[32.55,157.1],[32.55,111.39],[19.73,96.48]]}}},{"ty":"fl","c":{"a":0,"k":[0.25,0.05,0,1]},"o":{"a":0,"k":100}},{"ty":"tr","o":{"a":0,"k":100}}]},{"ty":"gr","it":[{"ty":"sh","ks":{"a":0,"k":{"c":true,"i":[[0,0],[-8.2,-4.73],[0,0],[0,7.22]],"o":[[0,7.22],[0,0],[-8.2,-4.73],[0,0]],"v":[[19.51,92.79],[32.77,111.27],[32.77,157.48],[19.51,139]]}}},{"ty":"gf","e":{"a":0,"k":[19.63,124.58]},"g":{"p":2,"k":{"a":0,"k":[0,1,0.85,0.8,1,1,0.67,0.56,0,1,1,1]}},"t":1,"o":{"a":0,"k":100},"s":{"a":0,"k":[32.8,123.46]}},{"ty":"tr","o":{"a":0,"k":100}}]},{"ty":"gr","it":[{"ty":"sh","ks":{"a":0,"k":{"c":true,"i":[[0,0],[0,0],[0,0],[0,0]],"o":[[0,0],[0,0],[0,0],[0,0]],"v":[[289.11,110.94],[289.11,157.6],[192.67,213.27],[192.67,166.62]]}}},{"ty":"sh","ks":{"a":0,"k":{"c":true,"i":[[0,0],[0,0],[0,0],[0,0]],"o":[[0,0],[0,0],[0,0],[0,0]],"v":[[193.05,212.61],[288.73,157.38],[288.73,111.6],[193.05,166.84]]}}},{"ty":"fl","c":{"a":0,"k":[0.29,0,0,1]},"o":{"a":0,"k":100}},{"ty":"tr","o":{"a":0,"k":100}}]},{"ty":"gr","it":[{"ty":"sh","ks":{"a":0,"k":{"c":true,"i":[[0,0],[0,0],[0,0],[0,0]],"o":[[0,0],[0,0],[0,0],[0,0]],"v":[[192.86,166.73],[288.92,111.27],[288.92,157.48],[192.86,212.94]]}}},{"ty":"gf","e":{"a":0,"k":[240.76,216.27]},"g":{"p":2,"k":{"a":0,"k":[0,1,0.78,0.71,1,1,0.85,0.8,0,1,1,1]}},"t":1,"o":{"a":0,"k":100},"s":{"a":0,"k":[289.14,133.05]}},{"ty":"tr","o":{"a":0,"k":100}}]},{"ty":"gr","it":[{"ty":"sh","ks":{"a":0,"k":{"c":true,"i":[[0,0],[0,0],[0,0],[0,0]],"o":[[0,0],[0,0],[0,0],[0,0]],"v":[[129.02,166.62],[129.02,213.27],[32.58,157.6],[32.58,110.94]]}}},{"ty":"sh","ks":{"a":0,"k":{"c":true,"i":[[0,0],[0,0],[0,0],[0,0]],"o":[[0,0],[0,0],[0,0],[0,0]],"v":[[32.96,157.38],[128.63,212.61],[128.63,166.84],[32.96,111.6]]}}},{"ty":"fl","c":{"a":0,"k":[0.25,0.05,0,1]},"o":{"a":0,"k":100}},{"ty":"tr","o":{"a":0,"k":100}}]},{"ty":"gr","it":[{"ty":"sh","ks":{"a":0,"k":{"c":true,"i":[[0,0],[0,0],[0,0],[0,0]],"o":[[0,0],[0,0],[0,0],[0,0]],"v":[[32.77,111.27],[128.82,166.73],[128.82,212.94],[32.77,157.48]]}}},{"ty":"gf","e":{"a":0,"k":[80.89,216.51]},"g":{"p":2,"k":{"a":0,"k":[0,1,0.85,0.8,1,1,0.8,0.76,0,1,1,1]}},"t":1,"o":{"a":0,"k":100},"s":{"a":0,"k":[129.04,188.77]}},{"ty":"tr","o":{"a":0,"k":100}}]},{"ty":"gr","it":[{"ty":"sh","ks":{"a":0,"k":{"c":true,"i":[[0,0],[17.58,10.15],[0,0],[17.58,-10.15],[0,0],[-17.57,-10.15],[0,0],[-17.57,10.15]],"o":[[17.58,-10.15],[0,0],[-17.57,-10.15],[0,0],[-17.57,10.15],[0,0],[17.58,10.15],[0,0]],"v":[[288.72,111.16],[288.72,74.41],[192.66,18.95],[129.02,18.95],[32.96,74.41],[32.96,111.16],[129.02,166.62],[192.66,166.62]]}}},{"ty":"sh","ks":{"a":0,"k":{"c":true,"i":[[0,0],[17.79,10.27],[0,0],[-17.79,10.27],[0,0],[-17.79,-10.27],[0,0],[17.79,-10.27]],"o":[[-17.79,10.27],[0,0],[-17.79,-10.27],[0,0],[17.79,-10.27],[0,0],[17.79,10.27],[0,0]],"v":[[193.05,166.84],[128.63,166.84],[32.57,111.38],[32.57,74.19],[128.63,18.73],[193.05,18.73],[289.11,74.19],[289.11,111.38]]}}},{"ty":"fl","c":{"a":0,"k":[0.25,0.05,0,1]},"o":{"a":0,"k":100}},{"ty":"tr","o":{"a":0,"k":100}}]},{"ty":"gr","it":[{"ty":"sh","ks":{"a":0,"k":{"c":true,"i":[[0,0],[-17.68,-10.21],[0,0],[17.68,-10.21],[0,0],[17.68,10.21],[0,0],[-17.68,10.21]],"o":[[17.68,-10.21],[0,0],[17.68,10.21],[0,0],[-17.68,10.21],[0,0],[-17.68,-10.21],[0,0]],"v":[[128.82,18.84],[192.86,18.84],[288.92,74.3],[288.92,111.27],[192.86,166.73],[128.82,166.73],[32.77,111.27],[32.77,74.3]]}}},{"ty":"fl","c":{"a":0,"k":[1,0.86,0.84,1]},"o":{"a":0,"k":100}},{"ty":"tr","o":{"a":0,"k":100}}]},{"ty":"tr","o":{"a":0,"k":100}}]}]}]},{"id":"63","layers":[{"ind":62,"ty":0,"parent":58,"ks":{},"w":429,"h":295,"ip":0,"op":241,"st":0,"refId":"60"},{"ind":58,"ty":3,"ks":{"s":{"a":0,"k":[94.41,94.92]}},"ip":0,"op":241,"st":0}]},{"id":"68","layers":[{"ind":67,"ty":4,"ks":{},"ip":0,"op":241,"st":0,"shapes":[{"ty":"rc","p":{"a":0,"k":[214.5,147.5]},"r":{"a":0,"k":0},"s":{"a":0,"k":[429,295]}},{"ty":"fl","c":{"a":0,"k":[0,0,0,0]},"o":{"a":0,"k":0}}]},{"ind":0,"ty":4,"ks":{"s":{"a":0,"k":[133.33,133.33]}},"ip":0,"op":241,"st":0,"shapes":[{"ty":"gr","it":[{"ty":"gr","it":[{"ty":"sh","ks":{"a":0,"k":{"c":true,"i":[[0,0],[6.76,-3.93],[0,0],[0,7.01]],"o":[[-1.4,5.81],[0,0],[7.96,-4.7],[0,0]],"v":[[301.96,96.48],[289.14,111.39],[289.14,157.1],[301.96,139]]}}},{"ty":"sh","ks":{"a":0,"k":{"c":true,"i":[[0,0],[8.23,-4.75],[0,0],[0,0],[0,0],[0,7.11],[0,0]],"o":[[0,7.33],[0,0],[0,0],[0,0],[8.16,-4.71],[0,0],[0,0]],"v":[[302.4,139],[289.02,157.68],[288.7,157.87],[288.7,111.14],[288.8,111.08],[301.96,92.79],[302.4,92.79]]}}},{"ty":"fl","c":{"a":0,"k":[0.25,0.05,0,1]},"o":{"a":0,"k":100}},{"ty":"tr","o":{"a":0,"k":100}}]},{"ty":"gr","it":[{"ty":"sh","ks":{"a":0,"k":{"c":true,"i":[[0,0],[8.2,-4.73],[0,0],[0,7.22]],"o":[[0,7.22],[0,0],[8.2,-4.73],[0,0]],"v":[[302.18,92.79],[288.91,111.27],[288.91,157.48],[302.18,139]]}}},{"ty":"gf","e":{"a":0,"k":[289.03,124.58]},"g":{"p":2,"k":{"a":0,"k":[0,1,0.67,0.56,1,1,0.85,0.8,0,1,1,1]}},"t":1,"o":{"a":0,"k":100},"s":{"a":0,"k":[302.21,123.46]}},{"ty":"tr","o":{"a":0,"k":100}}]},{"ty":"gr","it":[{"ty":"sh","ks":{"a":0,"k":{"c":true,"i":[[0,0],[0,0],[11.62,0],[8.88,5.13],[0,0],[0,0],[0,0],[-11.56,0],[-8.8,5.08],[0,0]],"o":[[0,0],[-8.88,5.13],[-11.62,0],[0,0],[0,0],[0,0],[8.8,5.08],[11.56,0],[0,0],[0,0]],"v":[[193.08,213.07],[192.97,213.13],[160.84,220.82],[128.71,213.13],[128.61,213.07],[128.61,166.34],[128.93,166.54],[160.84,174.16],[192.75,166.54],[193.08,166.34]]}}},{"ty":"sh","ks":{"a":0,"k":{"c":true,"i":[[0,0],[11.47,0],[8.84,5],[0,0],[-11.51,0],[-8.79,5.04]],"o":[[-8.84,5],[-11.47,0],[0,0],[8.79,5.04],[11.51,0],[0,0]],"v":[[192.64,167.11],[160.84,174.61],[129.05,167.11],[129.05,212.81],[160.84,220.38],[192.64,212.81]]}}},{"ty":"fl","c":{"a":0,"k":[0.25,0.05,0,1]},"o":{"a":0,"k":100}},{"ty":"tr","o":{"a":0,"k":100}}]},{"ty":"gr","it":[{"ty":"sh","ks":{"a":0,"k":{"c":true,"i":[[0,0],[-17.68,10.21],[0,0],[17.68,10.21]],"o":[[17.68,10.21],[0,0],[-17.68,10.21],[0,0]],"v":[[128.82,166.73],[192.86,166.73],[192.86,212.94],[128.82,212.94]]}}},{"ty":"gf","e":{"a":0,"k":[128.83,193.66]},"g":{"p":3,"k":{"a":0,"k":[0,1,0.86,0.84,0.5,1,0.92,0.9,1,1,0.85,0.8,0,1,0.5,1,1,1]}},"t":1,"o":{"a":0,"k":100},"s":{"a":0,"k":[192.86,193.66]}},{"ty":"tr","o":{"a":0,"k":100}}]},{"ty":"gr","it":[{"ty":"sh","ks":{"a":0,"k":{"c":true,"i":[[0,0],[0,0],[-8.03,-4.64],[0,0],[0,0],[0,0],[0,7.33],[0,0]],"o":[[0,0],[0.15,6.98],[0,0],[0,0],[0,0],[-8.23,-4.75],[0,0],[0,0]],"v":[[19.73,92.79],[19.73,93.12],[32.88,111.08],[32.99,111.14],[32.99,157.87],[32.66,157.68],[19.29,139],[19.29,92.79]]}}},{"ty":"sh","ks":{"a":0,"k":{"c":true,"i":[[0,0],[-7.96,-4.7],[0,0],[1.4,5.81]],"o":[[0,7.01],[0,0],[-6.76,-3.93],[0,0]],"v":[[19.73,139],[32.55,157.1],[32.55,111.39],[19.73,96.48]]}}},{"ty":"fl","c":{"a":0,"k":[0.25,0.05,0,1]},"o":{"a":0,"k":100}},{"ty":"tr","o":{"a":0,"k":100}}]},{"ty":"gr","it":[{"ty":"sh","ks":{"a":0,"k":{"c":true,"i":[[0,0],[-8.2,-4.73],[0,0],[0,7.22]],"o":[[0,7.22],[0,0],[-8.2,-4.73],[0,0]],"v":[[19.51,92.79],[32.77,111.27],[32.77,157.48],[19.51,139]]}}},{"ty":"gf","e":{"a":0,"k":[19.63,124.58]},"g":{"p":2,"k":{"a":0,"k":[0,1,0.85,0.8,1,1,0.67,0.56,0,1,1,1]}},"t":1,"o":{"a":0,"k":100},"s":{"a":0,"k":[32.8,123.46]}},{"ty":"tr","o":{"a":0,"k":100}}]},{"ty":"gr","it":[{"ty":"sh","ks":{"a":0,"k":{"c":true,"i":[[0,0],[0,0],[0,0],[0,0]],"o":[[0,0],[0,0],[0,0],[0,0]],"v":[[289.11,110.94],[289.11,157.6],[192.67,213.27],[192.67,166.62]]}}},{"ty":"sh","ks":{"a":0,"k":{"c":true,"i":[[0,0],[0,0],[0,0],[0,0]],"o":[[0,0],[0,0],[0,0],[0,0]],"v":[[193.05,212.61],[288.73,157.38],[288.73,111.6],[193.05,166.84]]}}},{"ty":"fl","c":{"a":0,"k":[0.29,0,0,1]},"o":{"a":0,"k":100}},{"ty":"tr","o":{"a":0,"k":100}}]},{"ty":"gr","it":[{"ty":"sh","ks":{"a":0,"k":{"c":true,"i":[[0,0],[0,0],[0,0],[0,0]],"o":[[0,0],[0,0],[0,0],[0,0]],"v":[[192.86,166.73],[288.92,111.27],[288.92,157.48],[192.86,212.94]]}}},{"ty":"gf","e":{"a":0,"k":[240.76,216.27]},"g":{"p":2,"k":{"a":0,"k":[0,1,0.78,0.71,1,1,0.85,0.8,0,1,1,1]}},"t":1,"o":{"a":0,"k":100},"s":{"a":0,"k":[289.14,133.05]}},{"ty":"tr","o":{"a":0,"k":100}}]},{"ty":"gr","it":[{"ty":"sh","ks":{"a":0,"k":{"c":true,"i":[[0,0],[0,0],[0,0],[0,0]],"o":[[0,0],[0,0],[0,0],[0,0]],"v":[[129.02,166.62],[129.02,213.27],[32.58,157.6],[32.58,110.94]]}}},{"ty":"sh","ks":{"a":0,"k":{"c":true,"i":[[0,0],[0,0],[0,0],[0,0]],"o":[[0,0],[0,0],[0,0],[0,0]],"v":[[32.96,157.38],[128.63,212.61],[128.63,166.84],[32.96,111.6]]}}},{"ty":"fl","c":{"a":0,"k":[0.25,0.05,0,1]},"o":{"a":0,"k":100}},{"ty":"tr","o":{"a":0,"k":100}}]},{"ty":"gr","it":[{"ty":"sh","ks":{"a":0,"k":{"c":true,"i":[[0,0],[0,0],[0,0],[0,0]],"o":[[0,0],[0,0],[0,0],[0,0]],"v":[[32.77,111.27],[128.82,166.73],[128.82,212.94],[32.77,157.48]]}}},{"ty":"gf","e":{"a":0,"k":[80.89,216.51]},"g":{"p":2,"k":{"a":0,"k":[0,1,0.85,0.8,1,1,0.8,0.76,0,1,1,1]}},"t":1,"o":{"a":0,"k":100},"s":{"a":0,"k":[129.04,188.77]}},{"ty":"tr","o":{"a":0,"k":100}}]},{"ty":"gr","it":[{"ty":"sh","ks":{"a":0,"k":{"c":true,"i":[[0,0],[17.58,10.15],[0,0],[17.58,-10.15],[0,0],[-17.57,-10.15],[0,0],[-17.57,10.15]],"o":[[17.58,-10.15],[0,0],[-17.57,-10.15],[0,0],[-17.57,10.15],[0,0],[17.58,10.15],[0,0]],"v":[[288.72,111.16],[288.72,74.41],[192.66,18.95],[129.02,18.95],[32.96,74.41],[32.96,111.16],[129.02,166.62],[192.66,166.62]]}}},{"ty":"sh","ks":{"a":0,"k":{"c":true,"i":[[0,0],[17.79,10.27],[0,0],[-17.79,10.27],[0,0],[-17.79,-10.27],[0,0],[17.79,-10.27]],"o":[[-17.79,10.27],[0,0],[-17.79,-10.27],[0,0],[17.79,-10.27],[0,0],[17.79,10.27],[0,0]],"v":[[193.05,166.84],[128.63,166.84],[32.57,111.38],[32.57,74.19],[128.63,18.73],[193.05,18.73],[289.11,74.19],[289.11,111.38]]}}},{"ty":"fl","c":{"a":0,"k":[0.25,0.05,0,1]},"o":{"a":0,"k":100}},{"ty":"tr","o":{"a":0,"k":100}}]},{"ty":"gr","it":[{"ty":"sh","ks":{"a":0,"k":{"c":true,"i":[[0,0],[-17.68,-10.21],[0,0],[17.68,-10.21],[0,0],[17.68,10.21],[0,0],[-17.68,10.21]],"o":[[17.68,-10.21],[0,0],[17.68,10.21],[0,0],[-17.68,10.21],[0,0],[-17.68,-10.21],[0,0]],"v":[[128.82,18.84],[192.86,18.84],[288.92,74.3],[288.92,111.27],[192.86,166.73],[128.82,166.73],[32.77,111.27],[32.77,74.3]]}}},{"ty":"fl","c":{"a":0,"k":[1,0.86,0.84,1]},"o":{"a":0,"k":100}},{"ty":"tr","o":{"a":0,"k":100}}]},{"ty":"tr","o":{"a":0,"k":100}}]}]}]},{"id":"71","layers":[{"ind":70,"ty":0,"parent":66,"ks":{},"w":429,"h":295,"ip":0,"op":241,"st":0,"refId":"68"},{"ind":66,"ty":3,"ks":{"s":{"a":0,"k":[94.41,94.92]}},"ip":0,"op":241,"st":0}]}],"fr":60,"h":800,"ip":0,"layers":[{"ind":9,"ty":0,"parent":1,"ks":{"o":{"a":1,"k":[{"t":0,"s":[0],"i":{"x":0,"y":1},"o":{"x":0,"y":0}},{"t":12,"s":[100],"h":1},{"t":240,"s":[100],"h":1}]},"p":{"a":1,"k":[{"t":0,"s":[22,650],"i":{"x":[0,0],"y":[1,1]},"o":{"x":[0,0],"y":[0,0]}},{"t":24,"s":[23,32],"i":{"x":[1,1],"y":[1,1]},"o":{"x":[0,0],"y":[0,0]}},{"t":240,"s":[23,32],"h":1}]}},"w":429,"h":299,"ip":0,"op":241,"st":0,"refId":"7"},{"ind":17,"ty":0,"parent":1,"ks":{"o":{"a":1,"k":[{"t":0,"s":[0],"h":1},{"t":7.2,"s":[0],"i":{"x":0,"y":1},"o":{"x":0,"y":0}},{"t":19.2,"s":[100],"h":1},{"t":240,"s":[100],"h":1}]},"p":{"a":1,"k":[{"t":0,"s":[23,752],"i":{"x":[1,1],"y":[1,1]},"o":{"x":[0,0],"y":[0,0]}},{"t":7.2,"s":[23,752],"i":{"x":[1,0],"y":[1,1]},"o":{"x":[0,0],"y":[0,0]}},{"t":31.2,"s":[23,92],"i":{"x":[1,1],"y":[1,1]},"o":{"x":[0,0],"y":[0,0]}},{"t":240,"s":[23,92],"h":1}]}},"w":429,"h":295,"ip":0,"op":241,"st":0,"refId":"15"},{"ind":25,"ty":0,"parent":1,"ks":{"o":{"a":1,"k":[{"t":0,"s":[0],"h":1},{"t":15.08,"s":[0],"i":{"x":0,"y":1},"o":{"x":0,"y":0}},{"t":27.08,"s":[100],"h":1},{"t":240,"s":[100],"h":1}]},"p":{"a":1,"k":[{"t":0,"s":[23,861],"i":{"x":[1,1],"y":[1,1]},"o":{"x":[0,0],"y":[0,0]}},{"t":15.078,"s":[23,861],"i":{"x":[1,0],"y":[1,1]},"o":{"x":[0,0],"y":[0,0]}},{"t":39.078,"s":[23,150],"i":{"x":[1,1],"y":[1,1]},"o":{"x":[0,0],"y":[0,0]}},{"t":240,"s":[23,150],"h":1}]}},"w":429,"h":295,"ip":0,"op":241,"st":0,"refId":"23"},{"ind":33,"ty":0,"parent":1,"ks":{"o":{"a":1,"k":[{"t":0,"s":[0],"h":1},{"t":21.76,"s":[0],"i":{"x":0,"y":1},"o":{"x":0,"y":0}},{"t":33.76,"s":[100],"h":1},{"t":240,"s":[100],"h":1}]},"p":{"a":1,"k":[{"t":0,"s":[23,957],"i":{"x":[1,1],"y":[1,1]},"o":{"x":[0,0],"y":[0,0]}},{"t":21.762,"s":[23,957],"i":{"x":[1,0],"y":[1,1]},"o":{"x":[0,0],"y":[0,0]}},{"t":45.762,"s":[23,208],"i":{"x":[1,1],"y":[1,1]},"o":{"x":[0,0],"y":[0,0]}},{"t":240,"s":[23,208],"h":1}]}},"w":429,"h":295,"ip":0,"op":241,"st":0,"refId":"31"},{"ind":41,"ty":0,"parent":1,"ks":{"o":{"a":1,"k":[{"t":0,"s":[0],"h":1},{"t":27.08,"s":[0],"i":{"x":0,"y":1},"o":{"x":0,"y":0}},{"t":39.08,"s":[100],"h":1},{"t":240,"s":[100],"h":1}]},"p":{"a":1,"k":[{"t":0,"s":[24,1058],"i":{"x":[1,1],"y":[1,1]},"o":{"x":[0,0],"y":[0,0]}},{"t":27.762,"s":[24,1058],"i":{"x":[0,0],"y":[1,1]},"o":{"x":[0,0],"y":[0,0]}},{"t":51.762,"s":[23,266],"i":{"x":[1,1],"y":[1,1]},"o":{"x":[0,0],"y":[0,0]}},{"t":240,"s":[23,266],"h":1}]}},"w":429,"h":295,"ip":0,"op":241,"st":0,"refId":"39"},{"ind":49,"ty":0,"parent":1,"ks":{"o":{"a":1,"k":[{"t":0,"s":[0],"h":1},{"t":33.76,"s":[0],"i":{"x":0,"y":1},"o":{"x":0,"y":0}},{"t":45.76,"s":[100],"h":1},{"t":240,"s":[100],"h":1}]},"p":{"a":1,"k":[{"t":0,"s":[23,1166],"i":{"x":[1,1],"y":[1,1]},"o":{"x":[0,0],"y":[0,0]}},{"t":33.762,"s":[23,1166],"i":{"x":[1,0],"y":[1,1]},"o":{"x":[0,0],"y":[0,0]}},{"t":57.762,"s":[23,324],"i":{"x":[1,1],"y":[1,1]},"o":{"x":[0,0],"y":[0,0]}},{"t":240,"s":[23,324],"h":1}]}},"w":429,"h":295,"ip":0,"op":241,"st":0,"refId":"47"},{"ind":57,"ty":0,"parent":1,"ks":{"o":{"a":1,"k":[{"t":0,"s":[0],"h":1},{"t":39.76,"s":[0],"i":{"x":0,"y":1},"o":{"x":0,"y":0}},{"t":51.76,"s":[100],"h":1},{"t":240,"s":[100],"h":1}]},"p":{"a":1,"k":[{"t":0,"s":[24,1111],"i":{"x":[1,1],"y":[1,1]},"o":{"x":[0,0],"y":[0,0]}},{"t":39.762,"s":[24,1111],"i":{"x":[0,0],"y":[1,1]},"o":{"x":[0,0],"y":[0,0]}},{"t":63.762,"s":[23,382],"i":{"x":[1,1],"y":[1,1]},"o":{"x":[0,0],"y":[0,0]}},{"t":240,"s":[23,382],"h":1}]}},"w":429,"h":295,"ip":0,"op":241,"st":0,"refId":"55"},{"ind":65,"ty":0,"parent":1,"ks":{"o":{"a":1,"k":[{"t":0,"s":[0],"h":1},{"t":45.76,"s":[0],"i":{"x":0,"y":1},"o":{"x":0,"y":0}},{"t":57.76,"s":[100],"h":1},{"t":240,"s":[100],"h":1}]},"p":{"a":1,"k":[{"t":0,"s":[23,1381],"i":{"x":[1,1],"y":[1,1]},"o":{"x":[0,0],"y":[0,0]}},{"t":45.762,"s":[23,1381],"i":{"x":[1,0],"y":[1,1]},"o":{"x":[0,0],"y":[0,0]}},{"t":69.762,"s":[23,440],"i":{"x":[1,1],"y":[1,1]},"o":{"x":[0,0],"y":[0,0]}},{"t":240,"s":[23,440],"h":1}]}},"w":429,"h":295,"ip":0,"op":241,"st":0,"refId":"63"},{"ind":73,"ty":0,"parent":1,"ks":{"o":{"a":1,"k":[{"t":0,"s":[0],"h":1},{"t":51.76,"s":[0],"i":{"x":0,"y":1},"o":{"x":0,"y":0}},{"t":63.76,"s":[100],"h":1},{"t":240,"s":[100],"h":1}]},"p":{"a":1,"k":[{"t":0,"s":[23,1479],"i":{"x":[1,1],"y":[1,1]},"o":{"x":[0,0],"y":[0,0]}},{"t":51.762,"s":[23,1479],"i":{"x":[1,0],"y":[1,1]},"o":{"x":[0,0],"y":[0,0]}},{"t":75.762,"s":[23,498],"i":{"x":[1,1],"y":[1,1]},"o":{"x":[0,0],"y":[0,0]}},{"t":240,"s":[23,498],"h":1}]}},"w":429,"h":295,"ip":0,"op":241,"st":0,"refId":"71"},{"ind":1,"ty":3,"parent":0,"ks":{},"ip":0,"op":241,"st":0},{"ind":74,"ty":4,"parent":0,"ks":{},"ip":0,"op":241,"st":0,"shapes":[{"ty":"rc","p":{"a":0,"k":[225,400]},"r":{"a":0,"k":0},"s":{"a":0,"k":[450,800]}},{"ty":"fl","c":{"a":0,"k":[1,1,1]},"o":{"a":0,"k":100}}]},{"ind":0,"ty":3,"ks":{},"ip":0,"op":241,"st":0}],"meta":{"g":"https://jitter.video"},"op":240,"v":"5.7.4","w":450}