{"assets":[{"id":"72","layers":[{"ind":71,"ty":4,"ks":{},"ip":0,"op":496,"st":0,"shapes":[{"ty":"rc","p":{"a":0,"k":[6,6]},"r":{"a":0,"k":0},"s":{"a":0,"k":[12,12]}},{"ty":"fl","c":{"a":0,"k":[0,0,0,0]},"o":{"a":0,"k":0}}]},{"ind":0,"ty":4,"ks":{"s":{"a":0,"k":[133.33,133.33]}},"ip":0,"op":496,"st":0,"shapes":[{"ty":"gr","it":[{"ty":"gr","it":[{"ty":"sh","ks":{"a":0,"k":{"c":true,"i":[[0,0],[1.24,0],[0,-1.24],[-1.24,0],[0,0],[0,2.48],[-2.48,0],[0,-2.48],[2.48,0],[0,0],[0,1.24]],"o":[[0,-1.24],[-1.24,0],[0,1.24],[0,0],[-2.48,0],[0,-2.48],[2.48,0],[0,2.48],[0,0],[1.24,0],[0,0]],"v":[[6.75,4.5],[4.5,2.25],[2.25,4.5],[4.5,6.75],[4.5,9],[0,4.5],[4.5,0],[9,4.5],[4.5,9],[4.5,6.75],[6.75,4.5]]}}},{"ty":"fl","c":{"a":0,"k":[0.8,0.62,0,1]},"o":{"a":0,"k":100}},{"ty":"tr","o":{"a":0,"k":100}}]},{"ty":"tr","o":{"a":0,"k":100}}]}]}]},{"id":"107","layers":[{"ind":74,"ty":0,"parent":70,"ks":{},"w":12,"h":12,"ip":0,"op":496,"st":0,"refId":"72"},{"ind":70,"ty":3,"ks":{"p":{"a":0,"k":[0,7]}},"ip":0,"op":496,"st":0},{"ind":79,"ty":4,"parent":78,"ks":{},"ip":0,"op":496,"st":0,"shapes":[{"ty":"sh","ks":{"a":0,"k":{"c":true,"i":[[0,0],[0,0],[0,0],[0,0],[0,0],[0,0],[0,0],[0,0],[0,0]],"v":[[4.2,16.1],[6.7,9.6],[7.9,9.6],[3.3,20.8],[2.2,20.8],[3.5,17.5],[0.3,9.6],[1.6,9.6],[4.2,16.1]],"o":[[0,0],[0,0],[0,0],[0,0],[0,0],[0,0],[0,0],[0,0],[0,0]]}}},{"ty":"fl","c":{"a":0,"k":[0.255,0.263,0.275]},"o":{"a":0,"k":100}}]},{"ind":78,"ty":3,"parent":77,"ks":{"p":{"a":0,"k":[20.16,0]}},"ip":0,"op":496,"st":0},{"ind":81,"ty":4,"parent":80,"ks":{},"ip":0,"op":496,"st":0,"shapes":[{"ty":"sh","ks":{"a":0,"k":{"c":true,"i":[[0,0],[0,0],[0,0],[0.4,-0.3],[0.7,0],[0,0],[0.4,0.2],[0.2,0.3],[0,0.5],[0,0],[-0.5,0.4],[-0.9,0.1],[0,0],[0,0],[0,0],[0.3,0.3],[0.6,0],[0,0],[0.4,-0.3],[0.1,-0.5],[0,0],[0,0],[-0.6,0.4],[-0.8,0],[0,0],[-0.5,-0.5],[0,-0.8],[0,0],[0,0]],"v":[[7.3,17.6],[6.2,17.6],[6.1,16.2],[5.2,17.3],[3.5,17.7],[3.5,17.7],[2,17.4],[1.1,16.7],[0.8,15.5],[0.8,15.5],[1.5,13.8],[3.7,13],[3.7,13],[6.1,12.8],[6.1,12.1],[5.6,11],[4.3,10.6],[4.3,10.6],[2.9,11],[2.2,12.1],[2.2,12.1],[1.1,11.7],[2.2,10.1],[4.3,9.5],[4.3,9.5],[6.6,10.2],[7.3,12.2],[7.3,12.2],[7.3,17.6]],"o":[[0,0],[0,0],[-0.2,0.5],[-0.4,0.3],[0,0],[-0.6,0],[-0.4,-0.2],[-0.2,-0.3],[0,0],[0,-0.7],[0.5,-0.4],[0,0],[0,0],[0,0],[0,-0.4],[-0.3,-0.3],[0,0],[-0.6,0],[-0.4,0.3],[0,0],[0,0],[0.2,-0.7],[0.6,-0.4],[0,0],[0.9,0],[0.5,0.5],[0,0],[0,0],[0,0]]}}},{"ty":"sh","ks":{"a":0,"k":{"c":true,"i":[[0,0],[0,0],[0,0],[0.3,-0.2],[0,-0.4],[0,0],[-0.3,-0.2],[-0.5,0],[0,0],[-0.4,0.2],[-0.2,0.4],[0,0.5],[0,0]],"v":[[6.1,14],[6.1,13.8],[3.7,14.1],[2.4,14.5],[2,15.4],[2,15.4],[2.4,16.3],[3.6,16.6],[3.6,16.6],[5.1,16.3],[5.9,15.3],[6.1,14],[6.1,14]],"o":[[0,0],[0,0],[-0.5,0.1],[-0.3,0.2],[0,0],[0,0.4],[0.3,0.2],[0,0],[0.6,0],[0.4,-0.2],[0.2,-0.4],[0,0],[0,0]]}}},{"ty":"fl","c":{"a":0,"k":[0.255,0.263,0.275]},"o":{"a":0,"k":100}}]},{"ind":80,"ty":3,"parent":77,"ks":{"p":{"a":0,"k":[11.904,0]}},"ip":0,"op":496,"st":0},{"ind":83,"ty":4,"parent":82,"ks":{},"ip":0,"op":496,"st":0,"shapes":[{"ty":"sh","ks":{"a":0,"k":{"c":true,"i":[[0,0],[0,0],[0,0],[0,0],[0,0],[0,0],[0,0],[0,0],[0,0],[0,0],[0,0],[0,0],[0,0],[0,0]],"v":[[6,11.4],[4,17.6],[2.9,17.6],[0.4,9.6],[1.6,9.6],[3.5,16.1],[5.5,9.6],[6.6,9.6],[8.7,16.1],[10.5,9.6],[11.7,9.6],[9.2,17.6],[8.1,17.6],[6,11.4]],"o":[[0,0],[0,0],[0,0],[0,0],[0,0],[0,0],[0,0],[0,0],[0,0],[0,0],[0,0],[0,0],[0,0],[0,0]]}}},{"ty":"fl","c":{"a":0,"k":[0.255,0.263,0.275]},"o":{"a":0,"k":100}}]},{"ind":82,"ty":3,"parent":77,"ks":{},"ip":0,"op":496,"st":0},{"ind":77,"ty":3,"parent":76,"ks":{"p":{"a":0,"k":[81.216,0]}},"ip":0,"op":496,"st":0},{"ind":86,"ty":4,"parent":85,"ks":{},"ip":0,"op":496,"st":0,"shapes":[{"ty":"sh","ks":{"a":0,"k":{"c":true,"i":[[0,0],[0,0],[0,0],[0,0],[0,0]],"v":[[1.2,17.6],[1.2,6.1],[2.4,6.1],[2.4,17.6],[1.2,17.6]],"o":[[0,0],[0,0],[0,0],[0,0],[0,0]]}}},{"ty":"fl","c":{"a":0,"k":[0.255,0.263,0.275]},"o":{"a":0,"k":100}}]},{"ind":85,"ty":3,"parent":84,"ks":{"p":{"a":0,"k":[73.088,0]}},"ip":0,"op":496,"st":0},{"ind":88,"ty":4,"parent":87,"ks":{},"ip":0,"op":496,"st":0,"shapes":[{"ty":"sh","ks":{"a":0,"k":{"c":true,"i":[[0,0],[0,0],[0,0],[0.4,-0.3],[0.7,0],[0,0],[0.4,0.2],[0.2,0.3],[0,0.5],[0,0],[-0.5,0.4],[-0.9,0.1],[0,0],[0,0],[0,0],[0.3,0.3],[0.6,0],[0,0],[0.4,-0.3],[0.1,-0.5],[0,0],[0,0],[-0.6,0.4],[-0.8,0],[0,0],[-0.5,-0.5],[0,-0.8],[0,0],[0,0]],"v":[[7.3,17.6],[6.2,17.6],[6.1,16.2],[5.2,17.3],[3.5,17.7],[3.5,17.7],[2,17.4],[1.1,16.7],[0.8,15.5],[0.8,15.5],[1.5,13.8],[3.7,13],[3.7,13],[6.1,12.8],[6.1,12.1],[5.6,11],[4.3,10.6],[4.3,10.6],[2.9,11],[2.2,12.1],[2.2,12.1],[1.1,11.7],[2.2,10.1],[4.3,9.5],[4.3,9.5],[6.6,10.2],[7.3,12.2],[7.3,12.2],[7.3,17.6]],"o":[[0,0],[0,0],[-0.2,0.5],[-0.4,0.3],[0,0],[-0.6,0],[-0.4,-0.2],[-0.2,-0.3],[0,0],[0,-0.7],[0.5,-0.4],[0,0],[0,0],[0,0],[0,-0.4],[-0.3,-0.3],[0,0],[-0.6,0],[-0.4,0.3],[0,0],[0,0],[0.2,-0.7],[0.6,-0.4],[0,0],[0.9,0],[0.5,0.5],[0,0],[0,0],[0,0]]}}},{"ty":"sh","ks":{"a":0,"k":{"c":true,"i":[[0,0],[0,0],[0,0],[0.3,-0.2],[0,-0.4],[0,0],[-0.3,-0.2],[-0.5,0],[0,0],[-0.4,0.2],[-0.2,0.4],[0,0.5],[0,0]],"v":[[6.1,14],[6.1,13.8],[3.7,14.1],[2.4,14.5],[2,15.4],[2,15.4],[2.4,16.3],[3.6,16.6],[3.6,16.6],[5.1,16.3],[5.9,15.3],[6.1,14],[6.1,14]],"o":[[0,0],[0,0],[-0.5,0.1],[-0.3,0.2],[0,0],[0,0.4],[0.3,0.2],[0,0],[0.6,0],[0.4,-0.2],[0.2,-0.4],[0,0],[0,0]]}}},{"ty":"fl","c":{"a":0,"k":[0.255,0.263,0.275]},"o":{"a":0,"k":100}}]},{"ind":87,"ty":3,"parent":84,"ks":{"p":{"a":0,"k":[64.64,0]}},"ip":0,"op":496,"st":0},{"ind":90,"ty":4,"parent":89,"ks":{},"ip":0,"op":496,"st":0,"shapes":[{"ty":"sh","ks":{"a":0,"k":{"c":true,"i":[[0,0],[0,0],[0,0],[0,0],[-0.4,0.2],[-0.6,0],[0,0],[-0.5,-0.3],[-0.3,-0.5],[0,-0.8],[0,0],[0,0],[0,0],[0,0],[0.4,0.4],[0.7,0],[0,0],[0.4,-0.5],[0,-0.9],[0,0],[0,0],[0,0]],"v":[[1.2,17.6],[1.2,9.6],[2.3,9.6],[2.4,10.7],[3.4,9.8],[4.9,9.5],[4.9,9.5],[6.5,9.9],[7.5,11],[7.9,13],[7.9,13],[7.9,17.6],[6.7,17.6],[6.7,13.1],[6.2,11.2],[4.6,10.6],[4.6,10.6],[3,11.3],[2.4,13.3],[2.4,13.3],[2.4,17.6],[1.2,17.6]],"o":[[0,0],[0,0],[0,0],[0.3,-0.4],[0.4,-0.2],[0,0],[0.6,0],[0.5,0.3],[0.3,0.5],[0,0],[0,0],[0,0],[0,0],[0,-0.8],[-0.4,-0.4],[0,0],[-0.7,0],[-0.4,0.5],[0,0],[0,0],[0,0],[0,0]]}}},{"ty":"fl","c":{"a":0,"k":[0.255,0.263,0.275]},"o":{"a":0,"k":100}}]},{"ind":89,"ty":3,"parent":84,"ks":{"p":{"a":0,"k":[55.632,0]}},"ip":0,"op":496,"st":0},{"ind":92,"ty":4,"parent":91,"ks":{},"ip":0,"op":496,"st":0,"shapes":[{"ty":"sh","ks":{"a":0,"k":{"c":true,"i":[[0,0],[0,0],[0.6,0.3],[0.3,0.6],[0,0.8],[0,0],[-0.3,0.6],[-0.6,0.3],[-0.8,0],[0,0],[-0.6,-0.3],[-0.3,-0.6],[0,-0.8],[0,0],[0.4,-0.6],[0.6,-0.3],[0.8,0]],"v":[[4.7,17.7],[4.7,17.7],[2.7,17.2],[1.2,15.8],[0.7,13.6],[0.7,13.6],[1.3,11.4],[2.7,10],[4.7,9.5],[4.7,9.5],[6.8,10],[8.2,11.4],[8.7,13.6],[8.7,13.6],[8.2,15.8],[6.7,17.2],[4.7,17.7]],"o":[[0,0],[-0.8,0],[-0.6,-0.3],[-0.3,-0.6],[0,0],[0,-0.9],[0.3,-0.6],[0.6,-0.3],[0,0],[0.8,0],[0.6,0.3],[0.3,0.6],[0,0],[0,0.9],[-0.4,0.6],[-0.6,0.3],[0,0]]}}},{"ty":"sh","ks":{"a":0,"k":{"c":true,"i":[[0,0],[0,0],[-0.4,0.2],[-0.3,0.4],[0,0.7],[0,0],[0.3,0.4],[0.4,0.2],[0.5,0],[0,0],[0.4,-0.2],[0.3,-0.4],[0,-0.7],[0,0],[-0.2,-0.4],[-0.4,-0.2],[-0.5,0]],"v":[[4.7,16.6],[4.7,16.6],[6,16.3],[7,15.3],[7.4,13.6],[7.4,13.6],[7,11.9],[6,10.9],[4.7,10.6],[4.7,10.6],[3.4,10.9],[2.4,11.9],[2,13.6],[2,13.6],[2.4,15.3],[3.4,16.3],[4.7,16.6]],"o":[[0,0],[0.5,0],[0.4,-0.2],[0.3,-0.4],[0,0],[0,-0.7],[-0.3,-0.4],[-0.4,-0.2],[0,0],[-0.5,0],[-0.4,0.2],[-0.3,0.4],[0,0],[0,0.7],[0.2,0.4],[0.4,0.2],[0,0]]}}},{"ty":"fl","c":{"a":0,"k":[0.255,0.263,0.275]},"o":{"a":0,"k":100}}]},{"ind":91,"ty":3,"parent":84,"ks":{"p":{"a":0,"k":[46.192,0]}},"ip":0,"op":496,"st":0},{"ind":94,"ty":4,"parent":93,"ks":{},"ip":0,"op":496,"st":0,"shapes":[{"ty":"sh","ks":{"a":0,"k":{"c":true,"i":[[0,0],[0,0],[0,0],[0,0],[0,0]],"v":[[1.5,17.6],[1.5,9.6],[2.7,9.6],[2.7,17.6],[1.5,17.6]],"o":[[0,0],[0,0],[0,0],[0,0],[0,0]]}}},{"ty":"sh","ks":{"a":0,"k":{"c":true,"i":[[0,0],[0,0],[0.2,0.2],[0,0.2],[0,0],[-0.2,0.2],[-0.2,0],[0,0],[-0.2,-0.2],[0,-0.2],[0,0],[0.2,-0.2],[0.2,0]],"v":[[2.1,8],[2.1,8],[1.5,7.8],[1.2,7.2],[1.2,7.2],[1.5,6.6],[2.1,6.3],[2.1,6.3],[2.7,6.6],[2.9,7.2],[2.9,7.2],[2.7,7.8],[2.1,8]],"o":[[0,0],[-0.2,0],[-0.2,-0.2],[0,0],[0,-0.2],[0.2,-0.2],[0,0],[0.2,0],[0.2,0.2],[0,0],[0,0.2],[-0.2,0.2],[0,0]]}}},{"ty":"fl","c":{"a":0,"k":[0.255,0.263,0.275]},"o":{"a":0,"k":100}}]},{"ind":93,"ty":3,"parent":84,"ks":{"p":{"a":0,"k":[42.064,0]}},"ip":0,"op":496,"st":0},{"ind":96,"ty":4,"parent":95,"ks":{},"ip":0,"op":496,"st":0,"shapes":[{"ty":"sh","ks":{"a":0,"k":{"c":true,"i":[[0,0],[0,0],[0,0],[0,0],[0,0],[0,0],[0,0],[0,0],[0,0],[-0.2,-0.2],[-0.3,0],[-0.4,0],[0,0],[0,0],[0.4,0],[0.3,0.2],[0.2,0.4],[0,0.6],[0,0],[0,0],[0,0],[0,0]],"v":[[0.5,9.6],[1.7,9.6],[1.7,7.4],[2.9,7.4],[2.9,9.6],[5.1,9.6],[5.1,10.7],[2.9,10.7],[2.9,15],[3.3,16.1],[4.1,16.5],[5.1,16.5],[5.1,16.5],[5.1,17.5],[3.8,17.6],[2.8,17.3],[2,16.4],[1.7,15],[1.7,15],[1.7,10.7],[0.5,10.7],[0.5,9.6]],"o":[[0,0],[0,0],[0,0],[0,0],[0,0],[0,0],[0,0],[0,0],[0,0.5],[0.2,0.2],[0.3,0],[0,0],[0,0],[-0.4,0.1],[-0.4,0],[-0.3,-0.2],[-0.2,-0.4],[0,0],[0,0],[0,0],[0,0],[0,0]]}}},{"ty":"fl","c":{"a":0,"k":[0.255,0.263,0.275]},"o":{"a":0,"k":100}}]},{"ind":95,"ty":3,"parent":84,"ks":{"p":{"a":0,"k":[36.432,0]}},"ip":0,"op":496,"st":0},{"ind":98,"ty":4,"parent":97,"ks":{},"ip":0,"op":496,"st":0,"shapes":[{"ty":"sh","ks":{"a":0,"k":{"c":true,"i":[[0,0],[0,0],[0,0],[0,0],[0,0]],"v":[[1.5,17.6],[1.5,9.6],[2.7,9.6],[2.7,17.6],[1.5,17.6]],"o":[[0,0],[0,0],[0,0],[0,0],[0,0]]}}},{"ty":"sh","ks":{"a":0,"k":{"c":true,"i":[[0,0],[0,0],[0.2,0.2],[0,0.2],[0,0],[-0.2,0.2],[-0.2,0],[0,0],[-0.2,-0.2],[0,-0.2],[0,0],[0.2,-0.2],[0.2,0]],"v":[[2.1,8],[2.1,8],[1.5,7.8],[1.2,7.2],[1.2,7.2],[1.5,6.6],[2.1,6.3],[2.1,6.3],[2.7,6.6],[2.9,7.2],[2.9,7.2],[2.7,7.8],[2.1,8]],"o":[[0,0],[-0.2,0],[-0.2,-0.2],[0,0],[0,-0.2],[0.2,-0.2],[0,0],[0.2,0],[0.2,0.2],[0,0],[0,0.2],[-0.2,0.2],[0,0]]}}},{"ty":"fl","c":{"a":0,"k":[0.255,0.263,0.275]},"o":{"a":0,"k":100}}]},{"ind":97,"ty":3,"parent":84,"ks":{"p":{"a":0,"k":[32.304,0]}},"ip":0,"op":496,"st":0},{"ind":100,"ty":4,"parent":99,"ks":{},"ip":0,"op":496,"st":0,"shapes":[{"ty":"sh","ks":{"a":0,"k":{"c":true,"i":[[0,0],[0,0],[0,0],[0,0],[0,0],[0,0],[0,0],[0,0],[0.5,-0.3],[0.7,0],[0,0],[0.5,0.3],[0.3,0.6],[0,0.8],[0,0],[-0.3,0.6],[-0.5,0.3],[-0.7,0],[0,0],[-0.5,-0.3],[-0.2,-0.5]],"v":[[7.4,11.2],[7.4,11.2],[7.3,11.2],[7.3,6.1],[8.5,6.1],[8.5,17.6],[7.4,17.6],[7.3,16.1],[6.2,17.2],[4.4,17.7],[4.4,17.7],[2.5,17.2],[1.2,15.8],[0.7,13.6],[0.7,13.6],[1.2,11.4],[2.5,10],[4.4,9.5],[4.4,9.5],[6.3,10],[7.4,11.2]],"o":[[0,0],[0,0],[0,0],[0,0],[0,0],[0,0],[0,0],[-0.2,0.4],[-0.5,0.3],[0,0],[-0.7,0],[-0.5,-0.3],[-0.3,-0.6],[0,0],[0,-0.8],[0.3,-0.6],[0.5,-0.3],[0,0],[0.8,0],[0.5,0.3],[0,0]]}}},{"ty":"sh","ks":{"a":0,"k":{"c":true,"i":[[0,0],[0,0],[-0.5,-0.5],[-0.8,0],[0,0],[-0.4,0.2],[-0.2,0.4],[0,0.6],[0,0],[0.2,0.4],[0.4,0.2],[0.5,0],[0,0],[0.5,-0.5],[0,-0.9]],"v":[[2,13.6],[2,13.6],[2.7,15.8],[4.7,16.6],[4.7,16.6],[6,16.2],[6.9,15.2],[7.3,13.6],[7.3,13.6],[6.9,12],[6,11],[4.7,10.6],[4.7,10.6],[2.7,11.4],[2,13.6]],"o":[[0,0],[0,0.9],[0.5,0.5],[0,0],[0.5,0],[0.4,-0.2],[0.2,-0.4],[0,0],[0,-0.6],[-0.2,-0.4],[-0.4,-0.2],[0,0],[-0.8,0],[-0.5,0.5],[0,0]]}}},{"ty":"fl","c":{"a":0,"k":[0.255,0.263,0.275]},"o":{"a":0,"k":100}}]},{"ind":99,"ty":3,"parent":84,"ks":{"p":{"a":0,"k":[22.608,0]}},"ip":0,"op":496,"st":0},{"ind":102,"ty":4,"parent":101,"ks":{},"ip":0,"op":496,"st":0,"shapes":[{"ty":"sh","ks":{"a":0,"k":{"c":true,"i":[[0,0],[0,0],[0,0],[0.4,-0.3],[0.7,0],[0,0],[0.4,0.2],[0.2,0.3],[0,0.5],[0,0],[-0.5,0.4],[-0.9,0.1],[0,0],[0,0],[0,0],[0.3,0.3],[0.6,0],[0,0],[0.4,-0.3],[0.1,-0.5],[0,0],[0,0],[-0.6,0.4],[-0.8,0],[0,0],[-0.5,-0.5],[0,-0.8],[0,0],[0,0]],"v":[[7.3,17.6],[6.2,17.6],[6.1,16.2],[5.2,17.3],[3.5,17.7],[3.5,17.7],[2,17.4],[1.1,16.7],[0.8,15.5],[0.8,15.5],[1.5,13.8],[3.7,13],[3.7,13],[6.1,12.8],[6.1,12.1],[5.6,11],[4.3,10.6],[4.3,10.6],[2.9,11],[2.2,12.1],[2.2,12.1],[1.1,11.7],[2.2,10.1],[4.3,9.5],[4.3,9.5],[6.6,10.2],[7.3,12.2],[7.3,12.2],[7.3,17.6]],"o":[[0,0],[0,0],[-0.2,0.5],[-0.4,0.3],[0,0],[-0.6,0],[-0.4,-0.2],[-0.2,-0.3],[0,0],[0,-0.7],[0.5,-0.4],[0,0],[0,0],[0,0],[0,-0.4],[-0.3,-0.3],[0,0],[-0.6,0],[-0.4,0.3],[0,0],[0,0],[0.2,-0.7],[0.6,-0.4],[0,0],[0.9,0],[0.5,0.5],[0,0],[0,0],[0,0]]}}},{"ty":"sh","ks":{"a":0,"k":{"c":true,"i":[[0,0],[0,0],[0,0],[0.3,-0.2],[0,-0.4],[0,0],[-0.3,-0.2],[-0.5,0],[0,0],[-0.4,0.2],[-0.2,0.4],[0,0.5],[0,0]],"v":[[6.1,14],[6.1,13.8],[3.7,14.1],[2.4,14.5],[2,15.4],[2,15.4],[2.4,16.3],[3.6,16.6],[3.6,16.6],[5.1,16.3],[5.9,15.3],[6.1,14],[6.1,14]],"o":[[0,0],[0,0],[-0.5,0.1],[-0.3,0.2],[0,0],[0,0.4],[0.3,0.2],[0,0],[0.6,0],[0.4,-0.2],[0.2,-0.4],[0,0],[0,0]]}}},{"ty":"fl","c":{"a":0,"k":[0.255,0.263,0.275]},"o":{"a":0,"k":100}}]},{"ind":101,"ty":3,"parent":84,"ks":{"p":{"a":0,"k":[14.16,0]}},"ip":0,"op":496,"st":0},{"ind":104,"ty":4,"parent":103,"ks":{},"ip":0,"op":496,"st":0,"shapes":[{"ty":"sh","ks":{"a":0,"k":{"c":true,"i":[[0,0],[0,0],[0,0],[0,0],[-0.3,0.2],[-0.4,0.1],[-0.4,-0.1],[0,0],[0,0],[0.4,-0.1],[0.3,-0.2],[0.1,-0.4],[0,-0.5],[0,0],[0,0],[0,0]],"v":[[1.2,17.6],[1.2,9.6],[2.3,9.6],[2.4,10.8],[3.2,10],[4.2,9.6],[5.4,9.6],[5.4,9.6],[5.4,10.8],[4.2,10.8],[3.2,11.3],[2.6,12.2],[2.4,13.4],[2.4,13.4],[2.4,17.6],[1.2,17.6]],"o":[[0,0],[0,0],[0,0],[0.2,-0.3],[0.3,-0.2],[0.4,-0.1],[0,0],[0,0],[-0.4,-0.1],[-0.4,0.1],[-0.3,0.2],[-0.1,0.4],[0,0],[0,0],[0,0],[0,0]]}}},{"ty":"fl","c":{"a":0,"k":[0.255,0.263,0.275]},"o":{"a":0,"k":100}}]},{"ind":103,"ty":3,"parent":84,"ks":{"p":{"a":0,"k":[8.4,0]}},"ip":0,"op":496,"st":0},{"ind":106,"ty":4,"parent":105,"ks":{},"ip":0,"op":496,"st":0,"shapes":[{"ty":"sh","ks":{"a":0,"k":{"c":true,"i":[[0,0],[0,0],[0,0],[0,0],[0,0],[0,0],[0,0],[0,0],[0,0]],"v":[[0.7,7.5],[0.7,6.4],[9.1,6.4],[9.1,7.5],[5.5,7.5],[5.5,17.6],[4.3,17.6],[4.3,7.5],[0.7,7.5]],"o":[[0,0],[0,0],[0,0],[0,0],[0,0],[0,0],[0,0],[0,0],[0,0]]}}},{"ty":"fl","c":{"a":0,"k":[0.255,0.263,0.275]},"o":{"a":0,"k":100}}]},{"ind":105,"ty":3,"parent":84,"ks":{},"ip":0,"op":496,"st":0},{"ind":84,"ty":3,"parent":76,"ks":{},"ip":0,"op":496,"st":0},{"ind":76,"ty":3,"parent":75,"ks":{"p":{"a":0,"k":[2.416,0]}},"ip":0,"op":496,"st":0},{"ind":75,"ty":3,"ks":{"p":{"a":0,"k":[20,0]}},"ip":0,"op":496,"st":0}]},{"id":"112","layers":[{"ind":111,"ty":4,"ks":{},"ip":0,"op":496,"st":0,"shapes":[{"ty":"rc","p":{"a":0,"k":[6,6]},"r":{"a":0,"k":0},"s":{"a":0,"k":[12,12]}},{"ty":"fl","c":{"a":0,"k":[0,0,0,0]},"o":{"a":0,"k":0}}]},{"ind":0,"ty":4,"ks":{"s":{"a":0,"k":[133.33,133.33]}},"ip":0,"op":496,"st":0,"shapes":[{"ty":"gr","it":[{"ty":"gr","it":[{"ty":"sh","ks":{"a":0,"k":{"c":true,"i":[[0,0],[1.24,0],[0,-1.24],[-1.24,0],[0,0],[0,2.48],[-2.48,0],[0,-2.48],[2.48,0],[0,0],[0,1.24]],"o":[[0,-1.24],[-1.24,0],[0,1.24],[0,0],[-2.48,0],[0,-2.48],[2.48,0],[0,2.48],[0,0],[1.24,0],[0,0]],"v":[[6.75,4.5],[4.5,2.25],[2.25,4.5],[4.5,6.75],[4.5,9],[0,4.5],[4.5,0],[9,4.5],[4.5,9],[4.5,6.75],[6.75,4.5]]}}},{"ty":"fl","c":{"a":0,"k":[1,0.3,0.22,1]},"o":{"a":0,"k":100}},{"ty":"tr","o":{"a":0,"k":100}}]},{"ty":"tr","o":{"a":0,"k":100}}]}]}]},{"id":"137","layers":[{"ind":114,"ty":0,"parent":110,"ks":{},"w":12,"h":12,"ip":0,"op":496,"st":0,"refId":"112"},{"ind":110,"ty":3,"ks":{"p":{"a":0,"k":[0,7]}},"ip":0,"op":496,"st":0},{"ind":119,"ty":4,"parent":118,"ks":{},"ip":0,"op":496,"st":0,"shapes":[{"ty":"sh","ks":{"a":0,"k":{"c":true,"i":[[0,0],[0,0],[0,0],[0,0],[0,0],[0,0],[0,0],[0,0],[0,0]],"v":[[4.2,16.1],[6.7,9.6],[7.9,9.6],[3.3,20.8],[2.2,20.8],[3.5,17.5],[0.3,9.6],[1.6,9.6],[4.2,16.1]],"o":[[0,0],[0,0],[0,0],[0,0],[0,0],[0,0],[0,0],[0,0],[0,0]]}}},{"ty":"fl","c":{"a":0,"k":[0.255,0.263,0.275]},"o":{"a":0,"k":100}}]},{"ind":118,"ty":3,"parent":117,"ks":{"p":{"a":0,"k":[20.16,0]}},"ip":0,"op":496,"st":0},{"ind":121,"ty":4,"parent":120,"ks":{},"ip":0,"op":496,"st":0,"shapes":[{"ty":"sh","ks":{"a":0,"k":{"c":true,"i":[[0,0],[0,0],[0,0],[0.4,-0.3],[0.7,0],[0,0],[0.4,0.2],[0.2,0.3],[0,0.5],[0,0],[-0.5,0.4],[-0.9,0.1],[0,0],[0,0],[0,0],[0.3,0.3],[0.6,0],[0,0],[0.4,-0.3],[0.1,-0.5],[0,0],[0,0],[-0.6,0.4],[-0.8,0],[0,0],[-0.5,-0.5],[0,-0.8],[0,0],[0,0]],"v":[[7.3,17.6],[6.2,17.6],[6.1,16.2],[5.2,17.3],[3.5,17.7],[3.5,17.7],[2,17.4],[1.1,16.7],[0.8,15.5],[0.8,15.5],[1.5,13.8],[3.7,13],[3.7,13],[6.1,12.8],[6.1,12.1],[5.6,11],[4.3,10.6],[4.3,10.6],[2.9,11],[2.2,12.1],[2.2,12.1],[1.1,11.7],[2.2,10.1],[4.3,9.5],[4.3,9.5],[6.6,10.2],[7.3,12.2],[7.3,12.2],[7.3,17.6]],"o":[[0,0],[0,0],[-0.2,0.5],[-0.4,0.3],[0,0],[-0.6,0],[-0.4,-0.2],[-0.2,-0.3],[0,0],[0,-0.7],[0.5,-0.4],[0,0],[0,0],[0,0],[0,-0.4],[-0.3,-0.3],[0,0],[-0.6,0],[-0.4,0.3],[0,0],[0,0],[0.2,-0.7],[0.6,-0.4],[0,0],[0.9,0],[0.5,0.5],[0,0],[0,0],[0,0]]}}},{"ty":"sh","ks":{"a":0,"k":{"c":true,"i":[[0,0],[0,0],[0,0],[0.3,-0.2],[0,-0.4],[0,0],[-0.3,-0.2],[-0.5,0],[0,0],[-0.4,0.2],[-0.2,0.4],[0,0.5],[0,0]],"v":[[6.1,14],[6.1,13.8],[3.7,14.1],[2.4,14.5],[2,15.4],[2,15.4],[2.4,16.3],[3.6,16.6],[3.6,16.6],[5.1,16.3],[5.9,15.3],[6.1,14],[6.1,14]],"o":[[0,0],[0,0],[-0.5,0.1],[-0.3,0.2],[0,0],[0,0.4],[0.3,0.2],[0,0],[0.6,0],[0.4,-0.2],[0.2,-0.4],[0,0],[0,0]]}}},{"ty":"fl","c":{"a":0,"k":[0.255,0.263,0.275]},"o":{"a":0,"k":100}}]},{"ind":120,"ty":3,"parent":117,"ks":{"p":{"a":0,"k":[11.904,0]}},"ip":0,"op":496,"st":0},{"ind":123,"ty":4,"parent":122,"ks":{},"ip":0,"op":496,"st":0,"shapes":[{"ty":"sh","ks":{"a":0,"k":{"c":true,"i":[[0,0],[0,0],[0,0],[0,0],[0,0],[0,0],[0,0],[0,0],[0,0],[0,0],[0,0],[0,0],[0,0],[0,0]],"v":[[6,11.4],[4,17.6],[2.9,17.6],[0.4,9.6],[1.6,9.6],[3.5,16.1],[5.5,9.6],[6.6,9.6],[8.7,16.1],[10.5,9.6],[11.7,9.6],[9.2,17.6],[8.1,17.6],[6,11.4]],"o":[[0,0],[0,0],[0,0],[0,0],[0,0],[0,0],[0,0],[0,0],[0,0],[0,0],[0,0],[0,0],[0,0],[0,0]]}}},{"ty":"fl","c":{"a":0,"k":[0.255,0.263,0.275]},"o":{"a":0,"k":100}}]},{"ind":122,"ty":3,"parent":117,"ks":{},"ip":0,"op":496,"st":0},{"ind":117,"ty":3,"parent":116,"ks":{"p":{"a":0,"k":[45.968,0]}},"ip":0,"op":496,"st":0},{"ind":126,"ty":4,"parent":125,"ks":{},"ip":0,"op":496,"st":0,"shapes":[{"ty":"sh","ks":{"a":0,"k":{"c":true,"i":[[0,0],[0,0],[0.6,0.4],[0.3,0.6],[0,0.8],[0,0],[-0.3,0.6],[-0.6,0.3],[-0.7,0],[0,0],[-0.6,-0.3],[-0.3,-0.6],[0,-0.7],[0,0],[0,-0.1],[0,-0.1],[0,0],[0,0],[-0.2,-0.4],[-0.4,-0.2],[-0.5,0],[0,0],[-0.4,0.2],[-0.2,0.4],[0,0],[0,0],[0.6,-0.4],[0.8,0]],"v":[[4.6,17.7],[4.6,17.7],[2.6,17.2],[1.2,15.7],[0.7,13.5],[0.7,13.5],[1.2,11.4],[2.6,10],[4.6,9.5],[4.6,9.5],[6.5,10],[7.8,11.3],[8.3,13.2],[8.3,13.2],[8.3,13.6],[8.2,14],[8.2,14],[2,14],[2.4,15.3],[3.3,16.2],[4.6,16.6],[4.6,16.6],[6.1,16.2],[7.1,15.2],[7.1,15.2],[8.1,15.6],[6.7,17.2],[4.6,17.7]],"o":[[0,0],[-0.7,0],[-0.6,-0.4],[-0.3,-0.6],[0,0],[0,-0.8],[0.3,-0.6],[0.6,-0.3],[0,0],[0.7,0],[0.6,0.3],[0.3,0.6],[0,0],[0,0.1],[0,0.1],[0,0],[0,0],[0,0.5],[0.2,0.4],[0.4,0.2],[0,0],[0.6,0],[0.4,-0.2],[0,0],[0,0],[-0.3,0.7],[-0.6,0.4],[0,0]]}}},{"ty":"sh","ks":{"a":0,"k":{"c":true,"i":[[0,0],[0,0],[0.2,0.4],[0.4,0.2],[0.5,0],[0,0],[0.4,-0.2],[0.2,-0.4],[0,-0.4],[0,0]],"v":[[2.1,13],[7,13],[6.7,11.8],[5.8,10.9],[4.5,10.6],[4.5,10.6],[3.3,10.9],[2.5,11.8],[2.1,13],[2.1,13]],"o":[[0,0],[0,-0.5],[-0.2,-0.4],[-0.4,-0.2],[0,0],[-0.4,0],[-0.4,0.2],[-0.2,0.4],[0,0],[0,0]]}}},{"ty":"fl","c":{"a":0,"k":[0.255,0.263,0.275]},"o":{"a":0,"k":100}}]},{"ind":125,"ty":3,"parent":124,"ks":{"p":{"a":0,"k":[32.464,0]}},"ip":0,"op":496,"st":0},{"ind":128,"ty":4,"parent":127,"ks":{},"ip":0,"op":496,"st":0,"shapes":[{"ty":"sh","ks":{"a":0,"k":{"c":true,"i":[[0,0],[0,0],[0,0],[0,0],[0,0],[0,0],[0,0],[0,0],[0,0],[-0.2,-0.2],[-0.3,0],[-0.4,0],[0,0],[0,0],[0.4,0],[0.3,0.2],[0.2,0.4],[0,0.6],[0,0],[0,0],[0,0],[0,0]],"v":[[0.5,9.6],[1.7,9.6],[1.7,7.4],[2.9,7.4],[2.9,9.6],[5.1,9.6],[5.1,10.7],[2.9,10.7],[2.9,15],[3.3,16.1],[4.1,16.5],[5.1,16.5],[5.1,16.5],[5.1,17.5],[3.8,17.6],[2.8,17.3],[2,16.4],[1.7,15],[1.7,15],[1.7,10.7],[0.5,10.7],[0.5,9.6]],"o":[[0,0],[0,0],[0,0],[0,0],[0,0],[0,0],[0,0],[0,0],[0,0.5],[0.2,0.2],[0.3,0],[0,0],[0,0],[-0.4,0.1],[-0.4,0],[-0.3,-0.2],[-0.2,-0.4],[0,0],[0,0],[0,0],[0,0],[0,0]]}}},{"ty":"fl","c":{"a":0,"k":[0.255,0.263,0.275]},"o":{"a":0,"k":100}}]},{"ind":127,"ty":3,"parent":124,"ks":{"p":{"a":0,"k":[26.832,0]}},"ip":0,"op":496,"st":0},{"ind":130,"ty":4,"parent":129,"ks":{},"ip":0,"op":496,"st":0,"shapes":[{"ty":"sh","ks":{"a":0,"k":{"c":true,"i":[[0,0],[0,0],[0,0],[0,0],[0,0]],"v":[[1.5,17.6],[1.5,9.6],[2.7,9.6],[2.7,17.6],[1.5,17.6]],"o":[[0,0],[0,0],[0,0],[0,0],[0,0]]}}},{"ty":"sh","ks":{"a":0,"k":{"c":true,"i":[[0,0],[0,0],[0.2,0.2],[0,0.2],[0,0],[-0.2,0.2],[-0.2,0],[0,0],[-0.2,-0.2],[0,-0.2],[0,0],[0.2,-0.2],[0.2,0]],"v":[[2.1,8],[2.1,8],[1.5,7.8],[1.2,7.2],[1.2,7.2],[1.5,6.6],[2.1,6.3],[2.1,6.3],[2.7,6.6],[2.9,7.2],[2.9,7.2],[2.7,7.8],[2.1,8]],"o":[[0,0],[-0.2,0],[-0.2,-0.2],[0,0],[0,-0.2],[0.2,-0.2],[0,0],[0.2,0],[0.2,0.2],[0,0],[0,0.2],[-0.2,0.2],[0,0]]}}},{"ty":"fl","c":{"a":0,"k":[0.255,0.263,0.275]},"o":{"a":0,"k":100}}]},{"ind":129,"ty":3,"parent":124,"ks":{"p":{"a":0,"k":[22.704,0]}},"ip":0,"op":496,"st":0},{"ind":132,"ty":4,"parent":131,"ks":{},"ip":0,"op":496,"st":0,"shapes":[{"ty":"sh","ks":{"a":0,"k":{"c":true,"i":[[0,0],[0,0],[0,0],[0,0],[-0.4,0.2],[-0.6,0],[0,0],[-0.5,-0.3],[-0.3,-0.5],[0,-0.8],[0,0],[0,0],[0,0],[0,0],[0.4,0.4],[0.7,0],[0,0],[0.4,-0.5],[0,-0.9],[0,0],[0,0],[0,0]],"v":[[1.2,17.6],[1.2,9.6],[2.3,9.6],[2.4,10.7],[3.4,9.8],[4.9,9.5],[4.9,9.5],[6.5,9.9],[7.5,11],[7.9,13],[7.9,13],[7.9,17.6],[6.7,17.6],[6.7,13.1],[6.2,11.2],[4.6,10.6],[4.6,10.6],[3,11.3],[2.4,13.3],[2.4,13.3],[2.4,17.6],[1.2,17.6]],"o":[[0,0],[0,0],[0,0],[0.3,-0.4],[0.4,-0.2],[0,0],[0.6,0],[0.5,0.3],[0.3,0.5],[0,0],[0,0],[0,0],[0,0],[0,-0.8],[-0.4,-0.4],[0,0],[-0.7,0],[-0.4,0.5],[0,0],[0,0],[0,0],[0,0]]}}},{"ty":"fl","c":{"a":0,"k":[0.255,0.263,0.275]},"o":{"a":0,"k":100}}]},{"ind":131,"ty":3,"parent":124,"ks":{"p":{"a":0,"k":[13.696,0]}},"ip":0,"op":496,"st":0},{"ind":134,"ty":4,"parent":133,"ks":{},"ip":0,"op":496,"st":0,"shapes":[{"ty":"sh","ks":{"a":0,"k":{"c":true,"i":[[0,0],[0,0],[0,0],[0,0],[0.4,-0.7],[0.8,-0.4],[1.2,0],[0,0],[0,0],[-0.8,0.6],[0,1.2],[0,0],[0,0],[0,0],[0.5,-0.3],[0.8,0],[0,0],[0.5,0.3],[0.3,0.6],[0,0.8],[0,0],[-0.3,0.6],[-0.5,0.3],[-0.7,0],[0,0],[-0.4,-0.1],[-0.3,-0.2],[-0.2,-0.3],[0,0]],"v":[[7.3,11.1],[7.4,9.6],[8.5,9.6],[8.5,16.1],[7.8,18.6],[5.9,20.2],[2.9,20.8],[2.9,20.8],[2.7,19.7],[6.1,18.8],[7.3,16.1],[7.3,16.1],[7.3,16],[7.4,16],[6.3,17.2],[4.4,17.7],[4.4,17.7],[2.5,17.2],[1.2,15.8],[0.7,13.6],[0.7,13.6],[1.2,11.4],[2.5,10],[4.4,9.5],[4.4,9.5],[5.7,9.7],[6.6,10.3],[7.3,11.1],[7.3,11.1]],"o":[[0,0],[0,0],[0,0],[0,1],[-0.4,0.7],[-0.8,0.4],[0,0],[0,0],[1.5,0],[0.8,-0.6],[0,0],[0,0],[0,0],[-0.2,0.5],[-0.5,0.3],[0,0],[-0.7,0],[-0.5,-0.3],[-0.3,-0.6],[0,0],[0,-0.8],[0.3,-0.6],[0.5,-0.3],[0,0],[0.5,0],[0.4,0.1],[0.3,0.2],[0,0],[0,0]]}}},{"ty":"sh","ks":{"a":0,"k":{"c":true,"i":[[0,0],[0,0],[-0.5,-0.5],[-0.8,0],[0,0],[-0.4,0.2],[-0.2,0.4],[0,0.6],[0,0],[0.2,0.4],[0.4,0.2],[0.5,0],[0,0],[0.5,-0.5],[0,-0.9]],"v":[[2,13.6],[2,13.6],[2.7,15.8],[4.7,16.6],[4.7,16.6],[6,16.2],[6.9,15.2],[7.3,13.6],[7.3,13.6],[6.9,12],[6,11],[4.7,10.6],[4.7,10.6],[2.8,11.4],[2,13.6]],"o":[[0,0],[0,0.9],[0.5,0.5],[0,0],[0.5,0],[0.4,-0.2],[0.2,-0.4],[0,0],[0,-0.6],[-0.2,-0.4],[-0.4,-0.2],[0,0],[-0.8,0],[-0.5,0.5],[0,0]]}}},{"ty":"fl","c":{"a":0,"k":[0.255,0.263,0.275]},"o":{"a":0,"k":100}}]},{"ind":133,"ty":3,"parent":124,"ks":{"p":{"a":0,"k":[4,0]}},"ip":0,"op":496,"st":0},{"ind":136,"ty":4,"parent":135,"ks":{},"ip":0,"op":496,"st":0,"shapes":[{"ty":"sh","ks":{"a":0,"k":{"c":true,"i":[[0,0],[0,0],[0,0],[0,0],[0,0]],"v":[[1.4,17.6],[1.4,6.4],[2.6,6.4],[2.6,17.6],[1.4,17.6]],"o":[[0,0],[0,0],[0,0],[0,0],[0,0]]}}},{"ty":"fl","c":{"a":0,"k":[0.255,0.263,0.275]},"o":{"a":0,"k":100}}]},{"ind":135,"ty":3,"parent":124,"ks":{},"ip":0,"op":496,"st":0},{"ind":124,"ty":3,"parent":116,"ks":{},"ip":0,"op":496,"st":0},{"ind":116,"ty":3,"parent":115,"ks":{"p":{"a":0,"k":[0.664,0]}},"ip":0,"op":496,"st":0},{"ind":115,"ty":3,"ks":{"p":{"a":0,"k":[20,0]}},"ip":0,"op":496,"st":0}]},{"id":"154","layers":[{"ind":153,"ty":4,"parent":152,"ks":{},"ip":0,"op":496,"st":0,"shapes":[{"ty":"rc","p":{"a":1,"k":[{"t":0,"s":[0,105],"i":{"x":[1,1],"y":[1,1]},"o":{"x":[0,0],"y":[0,0]}},{"t":266.4,"s":[0,105],"i":{"x":[0,1],"y":[1,1]},"o":{"x":[0.5,0],"y":[0,0]}},{"t":326.4,"s":[290.5,105],"i":{"x":[1,1],"y":[1,1]},"o":{"x":[0,0],"y":[0,0]}},{"t":495,"s":[290.5,105],"h":1}]},"r":{"a":0,"k":0},"s":{"a":1,"k":[{"t":0,"s":[0,210],"i":{"x":[1,1],"y":[1,1]},"o":{"x":[0,0],"y":[0,0]}},{"t":266.4,"s":[0,210],"i":{"x":[0,1],"y":[1,1]},"o":{"x":[0.5,0],"y":[0,0]}},{"t":326.4,"s":[581,210],"i":{"x":[1,1],"y":[1,1]},"o":{"x":[0,0],"y":[0,0]}},{"t":495,"s":[581,210],"h":1}]}},{"ty":"fl","c":{"a":0,"k":[0,0,0]},"o":{"a":0,"k":100}}]},{"ind":152,"ty":3,"parent":151,"ks":{},"ip":0,"op":496,"st":0},{"ind":151,"ty":3,"ks":{"p":{"a":0,"k":[291,0]}},"ip":0,"op":496,"st":0}]},{"id":"158","layers":[{"ind":156,"ty":0,"parent":150,"ks":{"a":{"a":0,"k":[291,0]}},"w":872,"h":210,"ip":0,"op":496,"st":0,"refId":"154"},{"ind":157,"ty":4,"parent":150,"ks":{"o":{"a":1,"k":[{"t":0,"s":[0],"h":1},{"t":326.4,"s":[0],"h":1},{"t":326.4,"s":[100],"h":1},{"t":495,"s":[100],"h":1}]}},"ip":0,"op":496,"st":0,"shapes":[{"ty":"rc","p":{"a":0,"k":[290.5,108.5]},"r":{"a":0,"k":0},"s":{"a":0,"k":[581,217]}},{"ty":"fl","c":{"a":0,"k":[0,0,0]},"o":{"a":0,"k":100}}]},{"ind":150,"ty":3,"ks":{"p":{"a":0,"k":[291,0]}},"ip":0,"op":496,"st":0}]},{"id":"144","layers":[{"ind":143,"ty":4,"ks":{},"ip":0,"op":496,"st":0,"shapes":[{"ty":"rc","p":{"a":0,"k":[288.5,108.5]},"r":{"a":0,"k":0},"s":{"a":0,"k":[577,217]}},{"ty":"fl","c":{"a":0,"k":[0,0,0,0]},"o":{"a":0,"k":0}}]},{"ind":0,"ty":4,"ks":{"s":{"a":0,"k":[133.33,133.33]}},"ip":0,"op":496,"st":0,"shapes":[{"ty":"gr","it":[{"ty":"gr","it":[{"ty":"sh","ks":{"a":0,"k":{"c":true,"i":[[0,0],[42.06,-24.52],[27.58,-3.7],[28.95,5.76],[25.81,14.13],[0,0],[-28.79,-5.73],[-18.77,2.52],[-41.93,24.45],[-75.37,57]],"o":[[-75.38,57],[-42.07,24.53],[-19.1,2.57],[-28.96,-5.76],[0,0],[25.57,13.99],[28.8,5.73],[27.17,-3.65],[41.94,-24.45],[0,0]],"v":[[432.3,2.02],[260.82,121.4],[161.02,160.86],[85.66,156.06],[0.21,126.23],[1.29,124.27],[86.09,153.85],[160.73,158.64],[259.68,119.46],[430.95,0.23]]}}},{"ty":"fl","c":{"a":0,"k":[1,0.3,0.22,1]},"o":{"a":0,"k":100}},{"ty":"tr","o":{"a":0,"k":100}}]},{"ty":"tr","o":{"a":0,"k":100}}]}]}]},{"id":"147","layers":[{"ind":146,"ty":0,"parent":142,"ks":{},"w":577,"h":217,"ip":0,"op":496,"st":0,"refId":"144"},{"ind":142,"ty":3,"parent":141,"ks":{"s":{"a":0,"k":[100.69,96.77]}},"ip":0,"op":496,"st":0},{"ind":141,"ty":3,"ks":{},"ip":0,"op":496,"st":0}]},{"id":"161","layers":[{"ind":160,"ty":0,"td":1,"ks":{"a":{"a":0,"k":[291,0]}},"w":1163,"h":217,"ip":0,"op":496,"st":0,"refId":"158"},{"ind":149,"ty":0,"tt":1,"ks":{},"w":581,"h":217,"ip":0,"op":496,"st":0,"refId":"147"}]},{"id":"177","layers":[{"ind":176,"ty":4,"parent":175,"ks":{},"ip":0,"op":496,"st":0,"shapes":[{"ty":"rc","p":{"a":1,"k":[{"t":0,"s":[0,106.5],"i":{"x":[1,1],"y":[1,1]},"o":{"x":[0,0],"y":[0,0]}},{"t":137.238,"s":[0,106.5],"i":{"x":[0,1],"y":[1,1]},"o":{"x":[0.5,0],"y":[0,0]}},{"t":197.238,"s":[290.5,106.5],"i":{"x":[1,1],"y":[1,1]},"o":{"x":[0,0],"y":[0,0]}},{"t":495,"s":[290.5,106.5],"h":1}]},"r":{"a":0,"k":0},"s":{"a":1,"k":[{"t":0,"s":[0,213],"i":{"x":[1,1],"y":[1,1]},"o":{"x":[0,0],"y":[0,0]}},{"t":137.238,"s":[0,213],"i":{"x":[0,1],"y":[1,1]},"o":{"x":[0.5,0],"y":[0,0]}},{"t":197.238,"s":[581,213],"i":{"x":[1,1],"y":[1,1]},"o":{"x":[0,0],"y":[0,0]}},{"t":495,"s":[581,213],"h":1}]}},{"ty":"fl","c":{"a":0,"k":[0,0,0]},"o":{"a":0,"k":100}}]},{"ind":175,"ty":3,"parent":174,"ks":{},"ip":0,"op":496,"st":0},{"ind":174,"ty":3,"ks":{"p":{"a":0,"k":[291,0]}},"ip":0,"op":496,"st":0}]},{"id":"181","layers":[{"ind":179,"ty":0,"parent":173,"ks":{"a":{"a":0,"k":[291,0]}},"w":872,"h":213,"ip":0,"op":496,"st":0,"refId":"177"},{"ind":180,"ty":4,"parent":173,"ks":{"o":{"a":1,"k":[{"t":0,"s":[0],"h":1},{"t":197.24,"s":[0],"h":1},{"t":197.24,"s":[100],"h":1},{"t":495,"s":[100],"h":1}]}},"ip":0,"op":496,"st":0,"shapes":[{"ty":"rc","p":{"a":0,"k":[290.5,106.5]},"r":{"a":0,"k":0},"s":{"a":0,"k":[581,213]}},{"ty":"fl","c":{"a":0,"k":[0,0,0]},"o":{"a":0,"k":100}}]},{"ind":173,"ty":3,"ks":{"p":{"a":0,"k":[291,0]}},"ip":0,"op":496,"st":0}]},{"id":"167","layers":[{"ind":166,"ty":4,"ks":{},"ip":0,"op":496,"st":0,"shapes":[{"ty":"rc","p":{"a":0,"k":[288.5,106.5]},"r":{"a":0,"k":0},"s":{"a":0,"k":[577,213]}},{"ty":"fl","c":{"a":0,"k":[0,0,0,0]},"o":{"a":0,"k":0}}]},{"ind":0,"ty":4,"ks":{"s":{"a":0,"k":[133.33,133.33]}},"ip":0,"op":496,"st":0,"shapes":[{"ty":"gr","it":[{"ty":"gr","it":[{"ty":"sh","ks":{"a":0,"k":{"c":true,"i":[[0,0],[57.23,-14.68],[27.82,18.18],[41.04,42.73],[0,0],[-27.48,-17.96],[-28.13,7.22],[-146.58,119.96]],"o":[[-146.67,120.04],[-28.87,7.41],[-27.73,-18.13],[0,0],[41.08,42.77],[27.4,17.91],[56.77,-14.57],[0,0]],"v":[[432.34,2],[181.78,155.96],[100.3,139.55],[0.69,48.03],[2.31,46.47],[101.54,137.67],[181.22,153.79],[430.91,0.25]]}}},{"ty":"fl","c":{"a":0,"k":[0.8,0.62,0,1]},"o":{"a":0,"k":100}},{"ty":"tr","o":{"a":0,"k":100}}]},{"ty":"tr","o":{"a":0,"k":100}}]}]}]},{"id":"170","layers":[{"ind":169,"ty":0,"parent":165,"ks":{},"w":577,"h":213,"ip":0,"op":496,"st":0,"refId":"167"},{"ind":165,"ty":3,"parent":164,"ks":{"s":{"a":0,"k":[100.69,100]}},"ip":0,"op":496,"st":0},{"ind":164,"ty":3,"ks":{},"ip":0,"op":496,"st":0}]},{"id":"184","layers":[{"ind":183,"ty":0,"td":1,"ks":{"a":{"a":0,"k":[291,0]}},"w":1163,"h":213,"ip":0,"op":496,"st":0,"refId":"181"},{"ind":172,"ty":0,"tt":1,"ks":{},"w":581,"h":213,"ip":0,"op":496,"st":0,"refId":"170"}]},{"id":"187","layers":[{"ind":163,"ty":0,"ks":{"o":{"a":1,"k":[{"t":0,"s":[0],"h":1},{"t":266.4,"s":[0],"h":1},{"t":266.4,"s":[100],"h":1},{"t":495,"s":[100],"h":1}]},"p":{"a":0,"k":[-2,3]}},"w":581,"h":217,"ip":0,"op":496,"st":0,"refId":"161"},{"ind":186,"ty":0,"ks":{"o":{"a":1,"k":[{"t":0,"s":[0],"h":1},{"t":137.24,"s":[0],"h":1},{"t":137.24,"s":[100],"h":1},{"t":495,"s":[100],"h":1}]},"p":{"a":0,"k":[-2,100]}},"w":581,"h":213,"ip":0,"op":496,"st":0,"refId":"184"}]},{"id":"202","layers":[{"ind":201,"ty":4,"parent":200,"ks":{},"ip":0,"op":496,"st":0,"shapes":[{"ty":"rc","p":{"a":1,"k":[{"t":0,"s":[0,0.5],"i":{"x":[1,1],"y":[1,1]},"o":{"x":[0,0],"y":[0,0]}},{"t":89.52,"s":[0,0.5],"i":{"x":[0,1],"y":[1,1]},"o":{"x":[0.5,0],"y":[0,0]}},{"t":149.52,"s":[288,0.5],"i":{"x":[1,1],"y":[1,1]},"o":{"x":[0,0],"y":[0,0]}},{"t":495,"s":[288,0.5],"h":1}]},"r":{"a":0,"k":0},"s":{"a":1,"k":[{"t":0,"s":[0,1],"i":{"x":[1,1],"y":[1,1]},"o":{"x":[0,0],"y":[0,0]}},{"t":89.52,"s":[0,1],"i":{"x":[0,1],"y":[1,1]},"o":{"x":[0.5,0],"y":[0,0]}},{"t":149.52,"s":[576,1],"i":{"x":[1,1],"y":[1,1]},"o":{"x":[0,0],"y":[0,0]}},{"t":495,"s":[576,1],"h":1}]}},{"ty":"fl","c":{"a":0,"k":[0,0,0]},"o":{"a":0,"k":100}}]},{"ind":200,"ty":3,"parent":199,"ks":{},"ip":0,"op":496,"st":0},{"ind":199,"ty":3,"ks":{"p":{"a":0,"k":[288,0]}},"ip":0,"op":496,"st":0}]},{"id":"206","layers":[{"ind":204,"ty":0,"parent":198,"ks":{"a":{"a":0,"k":[288,0]}},"w":864,"h":1,"ip":0,"op":496,"st":0,"refId":"202"},{"ind":205,"ty":4,"parent":198,"ks":{"o":{"a":1,"k":[{"t":0,"s":[0],"h":1},{"t":149.52,"s":[0],"h":1},{"t":149.52,"s":[100],"h":1},{"t":495,"s":[100],"h":1}]}},"ip":0,"op":496,"st":0,"shapes":[{"ty":"rc","p":{"a":0,"k":[288,0.5]},"r":{"a":0,"k":0},"s":{"a":0,"k":[576,1]}},{"ty":"fl","c":{"a":0,"k":[0,0,0]},"o":{"a":0,"k":100}}]},{"ind":198,"ty":3,"ks":{"p":{"a":0,"k":[288,0]}},"ip":0,"op":496,"st":0}]},{"id":"192","layers":[{"ind":191,"ty":4,"ks":{},"ip":0,"op":496,"st":0,"shapes":[{"ty":"rc","p":{"a":0,"k":[287.5,0.5]},"r":{"a":0,"k":0},"s":{"a":0,"k":[575,1]}},{"ty":"fl","c":{"a":0,"k":[0,0,0,0]},"o":{"a":0,"k":0}}]},{"ind":0,"ty":4,"ks":{"s":{"a":0,"k":[133.33,133.33]}},"ip":0,"op":496,"st":0,"shapes":[{"ty":"gr","it":[{"ty":"gr","it":[{"ty":"sh","ks":{"a":0,"k":{"c":false,"i":[[0,0],[0,0]],"o":[[0,0],[0,0]],"v":[[0.5,0.5],[575,0.5]]}}},{"ty":"st","c":{"a":0,"k":[0.66,0.68,0.69,1]},"lc":1,"lj":1,"ml":4,"o":{"a":0,"k":100},"w":{"a":0,"k":1}},{"ty":"tr","o":{"a":0,"k":100},"s":{"a":0,"k":[75,75]}}]},{"ty":"tr","o":{"a":0,"k":100}}]}]}]},{"id":"195","layers":[{"ind":194,"ty":0,"parent":190,"ks":{},"w":575,"h":1,"ip":0,"op":496,"st":0,"refId":"192"},{"ind":190,"ty":3,"ks":{"s":{"a":0,"k":[100.17,100]}},"ip":0,"op":496,"st":0}]},{"id":"209","layers":[{"ind":208,"ty":0,"td":1,"ks":{"a":{"a":0,"k":[288,0]}},"w":1152,"h":1,"ip":0,"op":496,"st":0,"refId":"206"},{"ind":197,"ty":0,"tt":1,"ks":{"o":{"a":0,"k":50}},"w":576,"h":1,"ip":0,"op":496,"st":0,"refId":"195"}]},{"id":"214","layers":[{"ind":213,"ty":4,"ks":{},"ip":0,"op":496,"st":0,"shapes":[{"ty":"rc","p":{"a":0,"k":[1,216]},"r":{"a":0,"k":0},"s":{"a":0,"k":[2,432]}},{"ty":"fl","c":{"a":0,"k":[0,0,0,0]},"o":{"a":0,"k":0}}]},{"ind":0,"ty":4,"ks":{"s":{"a":0,"k":[133.33,133.33]}},"ip":0,"op":496,"st":0,"shapes":[{"ty":"gr","it":[{"ty":"gr","it":[{"ty":"sh","ks":{"a":0,"k":{"c":true,"i":[[0,0],[0,0],[0,0],[0,0]],"o":[[0,0],[0,0],[0,0],[0,0]],"v":[[1.13,0],[1.13,324],[0.38,324],[0.38,0]]}}},{"ty":"gf","e":{"a":0,"k":[1.13,324]},"g":{"p":2,"k":{"a":0,"k":[0,1,1,1,0.33,0.75,0.75,0.75,0,0.02,0.33,0.2]}},"t":1,"o":{"a":0,"k":100},"s":{"a":0,"k":[1.13,0]}},{"ty":"tr","o":{"a":0,"k":100}}]},{"ty":"tr","o":{"a":0,"k":100}}]}]}]},{"id":"219","layers":[{"ind":218,"ty":4,"ks":{},"ip":0,"op":496,"st":0,"shapes":[{"ty":"rc","p":{"a":0,"k":[1,216]},"r":{"a":0,"k":0},"s":{"a":0,"k":[2,432]}},{"ty":"fl","c":{"a":0,"k":[0,0,0,0]},"o":{"a":0,"k":0}}]},{"ind":0,"ty":4,"ks":{"s":{"a":0,"k":[133.33,133.33]}},"ip":0,"op":496,"st":0,"shapes":[{"ty":"gr","it":[{"ty":"gr","it":[{"ty":"sh","ks":{"a":0,"k":{"c":true,"i":[[0,0],[0,0],[0,0],[0,0]],"o":[[0,0],[0,0],[0,0],[0,0]],"v":[[1.13,0],[1.13,324],[0.38,324],[0.38,0]]}}},{"ty":"gf","e":{"a":0,"k":[1.13,324]},"g":{"p":2,"k":{"a":0,"k":[0,1,1,1,0.33,0.75,0.75,0.75,0,0.02,0.33,0.2]}},"t":1,"o":{"a":0,"k":100},"s":{"a":0,"k":[1.13,0]}},{"ty":"tr","o":{"a":0,"k":100}}]},{"ty":"tr","o":{"a":0,"k":100}}]}]}]},{"id":"224","layers":[{"ind":223,"ty":4,"ks":{},"ip":0,"op":496,"st":0,"shapes":[{"ty":"rc","p":{"a":0,"k":[1,216]},"r":{"a":0,"k":0},"s":{"a":0,"k":[2,432]}},{"ty":"fl","c":{"a":0,"k":[0,0,0,0]},"o":{"a":0,"k":0}}]},{"ind":0,"ty":4,"ks":{"s":{"a":0,"k":[133.33,133.33]}},"ip":0,"op":496,"st":0,"shapes":[{"ty":"gr","it":[{"ty":"gr","it":[{"ty":"sh","ks":{"a":0,"k":{"c":true,"i":[[0,0],[0,0],[0,0],[0,0]],"o":[[0,0],[0,0],[0,0],[0,0]],"v":[[1.13,0],[1.13,324],[0.38,324],[0.38,0]]}}},{"ty":"gf","e":{"a":0,"k":[1.13,324]},"g":{"p":2,"k":{"a":0,"k":[0,1,1,1,0.33,0.75,0.75,0.75,0,0.02,0.33,0.2]}},"t":1,"o":{"a":0,"k":100},"s":{"a":0,"k":[1.13,0]}},{"ty":"tr","o":{"a":0,"k":100}}]},{"ty":"tr","o":{"a":0,"k":100}}]}]}]},{"id":"229","layers":[{"ind":228,"ty":4,"ks":{},"ip":0,"op":496,"st":0,"shapes":[{"ty":"rc","p":{"a":0,"k":[1,216]},"r":{"a":0,"k":0},"s":{"a":0,"k":[2,432]}},{"ty":"fl","c":{"a":0,"k":[0,0,0,0]},"o":{"a":0,"k":0}}]},{"ind":0,"ty":4,"ks":{"s":{"a":0,"k":[133.33,133.33]}},"ip":0,"op":496,"st":0,"shapes":[{"ty":"gr","it":[{"ty":"gr","it":[{"ty":"sh","ks":{"a":0,"k":{"c":true,"i":[[0,0],[0,0],[0,0],[0,0]],"o":[[0,0],[0,0],[0,0],[0,0]],"v":[[1.13,0],[1.13,324],[0.38,324],[0.38,0]]}}},{"ty":"gf","e":{"a":0,"k":[1.13,324]},"g":{"p":2,"k":{"a":0,"k":[0,1,1,1,0.33,0.75,0.75,0.75,0,0.02,0.33,0.2]}},"t":1,"o":{"a":0,"k":100},"s":{"a":0,"k":[1.13,0]}},{"ty":"tr","o":{"a":0,"k":100}}]},{"ty":"tr","o":{"a":0,"k":100}}]}]}]},{"id":"234","layers":[{"ind":233,"ty":4,"ks":{},"ip":0,"op":496,"st":0,"shapes":[{"ty":"rc","p":{"a":0,"k":[1,216]},"r":{"a":0,"k":0},"s":{"a":0,"k":[2,432]}},{"ty":"fl","c":{"a":0,"k":[0,0,0,0]},"o":{"a":0,"k":0}}]},{"ind":0,"ty":4,"ks":{"s":{"a":0,"k":[133.33,133.33]}},"ip":0,"op":496,"st":0,"shapes":[{"ty":"gr","it":[{"ty":"gr","it":[{"ty":"sh","ks":{"a":0,"k":{"c":true,"i":[[0,0],[0,0],[0,0],[0,0]],"o":[[0,0],[0,0],[0,0],[0,0]],"v":[[1.13,0],[1.13,324],[0.38,324],[0.38,0]]}}},{"ty":"gf","e":{"a":0,"k":[1.13,324]},"g":{"p":2,"k":{"a":0,"k":[0,1,1,1,0.33,0.75,0.75,0.75,0,0.02,0.33,0.2]}},"t":1,"o":{"a":0,"k":100},"s":{"a":0,"k":[1.13,0]}},{"ty":"tr","o":{"a":0,"k":100}}]},{"ty":"tr","o":{"a":0,"k":100}}]}]}]},{"id":"239","layers":[{"ind":238,"ty":4,"ks":{},"ip":0,"op":496,"st":0,"shapes":[{"ty":"rc","p":{"a":0,"k":[1,216]},"r":{"a":0,"k":0},"s":{"a":0,"k":[2,432]}},{"ty":"fl","c":{"a":0,"k":[0,0,0,0]},"o":{"a":0,"k":0}}]},{"ind":0,"ty":4,"ks":{"s":{"a":0,"k":[133.33,133.33]}},"ip":0,"op":496,"st":0,"shapes":[{"ty":"gr","it":[{"ty":"gr","it":[{"ty":"sh","ks":{"a":0,"k":{"c":true,"i":[[0,0],[0,0],[0,0],[0,0]],"o":[[0,0],[0,0],[0,0],[0,0]],"v":[[1.13,0],[1.13,324],[0.38,324],[0.38,0]]}}},{"ty":"gf","e":{"a":0,"k":[1.13,324]},"g":{"p":2,"k":{"a":0,"k":[0,1,1,1,0.33,0.75,0.75,0.75,0,0.02,0.33,0.2]}},"t":1,"o":{"a":0,"k":100},"s":{"a":0,"k":[1.13,0]}},{"ty":"tr","o":{"a":0,"k":100}}]},{"ty":"tr","o":{"a":0,"k":100}}]}]}]},{"id":"244","layers":[{"ind":243,"ty":4,"ks":{},"ip":0,"op":496,"st":0,"shapes":[{"ty":"rc","p":{"a":0,"k":[1,216]},"r":{"a":0,"k":0},"s":{"a":0,"k":[2,432]}},{"ty":"fl","c":{"a":0,"k":[0,0,0,0]},"o":{"a":0,"k":0}}]},{"ind":0,"ty":4,"ks":{"s":{"a":0,"k":[133.33,133.33]}},"ip":0,"op":496,"st":0,"shapes":[{"ty":"gr","it":[{"ty":"gr","it":[{"ty":"sh","ks":{"a":0,"k":{"c":true,"i":[[0,0],[0,0],[0,0],[0,0]],"o":[[0,0],[0,0],[0,0],[0,0]],"v":[[1.13,0],[1.13,324],[0.38,324],[0.38,0]]}}},{"ty":"gf","e":{"a":0,"k":[1.13,324]},"g":{"p":2,"k":{"a":0,"k":[0,1,1,1,0.33,0.75,0.75,0.75,0,0.02,0.33,0.2]}},"t":1,"o":{"a":0,"k":100},"s":{"a":0,"k":[1.13,0]}},{"ty":"tr","o":{"a":0,"k":100}}]},{"ty":"tr","o":{"a":0,"k":100}}]}]}]},{"id":"249","layers":[{"ind":248,"ty":4,"ks":{},"ip":0,"op":496,"st":0,"shapes":[{"ty":"rc","p":{"a":0,"k":[1,216]},"r":{"a":0,"k":0},"s":{"a":0,"k":[2,432]}},{"ty":"fl","c":{"a":0,"k":[0,0,0,0]},"o":{"a":0,"k":0}}]},{"ind":0,"ty":4,"ks":{"s":{"a":0,"k":[133.33,133.33]}},"ip":0,"op":496,"st":0,"shapes":[{"ty":"gr","it":[{"ty":"gr","it":[{"ty":"sh","ks":{"a":0,"k":{"c":true,"i":[[0,0],[0,0],[0,0],[0,0]],"o":[[0,0],[0,0],[0,0],[0,0]],"v":[[1.13,0],[1.13,324],[0.38,324],[0.38,0]]}}},{"ty":"gf","e":{"a":0,"k":[1.13,324]},"g":{"p":2,"k":{"a":0,"k":[0,1,1,1,0.33,0.75,0.75,0.75,0,0.02,0.33,0.2]}},"t":1,"o":{"a":0,"k":100},"s":{"a":0,"k":[1.13,0]}},{"ty":"tr","o":{"a":0,"k":100}}]},{"ty":"tr","o":{"a":0,"k":100}}]}]}]},{"id":"254","layers":[{"ind":253,"ty":4,"ks":{},"ip":0,"op":496,"st":0,"shapes":[{"ty":"rc","p":{"a":0,"k":[1,216]},"r":{"a":0,"k":0},"s":{"a":0,"k":[2,432]}},{"ty":"fl","c":{"a":0,"k":[0,0,0,0]},"o":{"a":0,"k":0}}]},{"ind":0,"ty":4,"ks":{"s":{"a":0,"k":[133.33,133.33]}},"ip":0,"op":496,"st":0,"shapes":[{"ty":"gr","it":[{"ty":"gr","it":[{"ty":"sh","ks":{"a":0,"k":{"c":true,"i":[[0,0],[0,0],[0,0],[0,0]],"o":[[0,0],[0,0],[0,0],[0,0]],"v":[[1.13,0],[1.13,324],[0.38,324],[0.38,0]]}}},{"ty":"gf","e":{"a":0,"k":[1.13,324]},"g":{"p":2,"k":{"a":0,"k":[0,1,1,1,0.33,0.75,0.75,0.75,0,0.02,0.33,0.2]}},"t":1,"o":{"a":0,"k":100},"s":{"a":0,"k":[1.13,0]}},{"ty":"tr","o":{"a":0,"k":100}}]},{"ty":"tr","o":{"a":0,"k":100}}]}]}]},{"id":"259","layers":[{"ind":258,"ty":4,"ks":{},"ip":0,"op":496,"st":0,"shapes":[{"ty":"rc","p":{"a":0,"k":[1,216]},"r":{"a":0,"k":0},"s":{"a":0,"k":[2,432]}},{"ty":"fl","c":{"a":0,"k":[0,0,0,0]},"o":{"a":0,"k":0}}]},{"ind":0,"ty":4,"ks":{"s":{"a":0,"k":[133.33,133.33]}},"ip":0,"op":496,"st":0,"shapes":[{"ty":"gr","it":[{"ty":"gr","it":[{"ty":"sh","ks":{"a":0,"k":{"c":true,"i":[[0,0],[0,0],[0,0],[0,0]],"o":[[0,0],[0,0],[0,0],[0,0]],"v":[[1.13,0],[1.13,324],[0.38,324],[0.38,0]]}}},{"ty":"gf","e":{"a":0,"k":[1.13,324]},"g":{"p":2,"k":{"a":0,"k":[0,1,1,1,0.33,0.75,0.75,0.75,0,0.02,0.33,0.2]}},"t":1,"o":{"a":0,"k":100},"s":{"a":0,"k":[1.13,0]}},{"ty":"tr","o":{"a":0,"k":100}}]},{"ty":"tr","o":{"a":0,"k":100}}]}]}]},{"id":"264","layers":[{"ind":263,"ty":4,"ks":{},"ip":0,"op":496,"st":0,"shapes":[{"ty":"rc","p":{"a":0,"k":[1,216]},"r":{"a":0,"k":0},"s":{"a":0,"k":[2,432]}},{"ty":"fl","c":{"a":0,"k":[0,0,0,0]},"o":{"a":0,"k":0}}]},{"ind":0,"ty":4,"ks":{"s":{"a":0,"k":[133.33,133.33]}},"ip":0,"op":496,"st":0,"shapes":[{"ty":"gr","it":[{"ty":"gr","it":[{"ty":"sh","ks":{"a":0,"k":{"c":true,"i":[[0,0],[0,0],[0,0],[0,0]],"o":[[0,0],[0,0],[0,0],[0,0]],"v":[[1.13,0],[1.13,324],[0.38,324],[0.38,0]]}}},{"ty":"gf","e":{"a":0,"k":[1.13,324]},"g":{"p":2,"k":{"a":0,"k":[0,1,1,1,0.33,0.75,0.75,0.75,0,0.02,0.33,0.2]}},"t":1,"o":{"a":0,"k":100},"s":{"a":0,"k":[1.13,0]}},{"ty":"tr","o":{"a":0,"k":100}}]},{"ty":"tr","o":{"a":0,"k":100}}]}]}]},{"id":"269","layers":[{"ind":268,"ty":4,"ks":{},"ip":0,"op":496,"st":0,"shapes":[{"ty":"rc","p":{"a":0,"k":[1,216]},"r":{"a":0,"k":0},"s":{"a":0,"k":[2,432]}},{"ty":"fl","c":{"a":0,"k":[0,0,0,0]},"o":{"a":0,"k":0}}]},{"ind":0,"ty":4,"ks":{"s":{"a":0,"k":[133.33,133.33]}},"ip":0,"op":496,"st":0,"shapes":[{"ty":"gr","it":[{"ty":"gr","it":[{"ty":"sh","ks":{"a":0,"k":{"c":true,"i":[[0,0],[0,0],[0,0],[0,0]],"o":[[0,0],[0,0],[0,0],[0,0]],"v":[[1.13,0],[1.13,324],[0.38,324],[0.38,0]]}}},{"ty":"gf","e":{"a":0,"k":[1.13,324]},"g":{"p":2,"k":{"a":0,"k":[0,1,1,1,0.33,0.75,0.75,0.75,0,0.02,0.33,0.2]}},"t":1,"o":{"a":0,"k":100},"s":{"a":0,"k":[1.13,0]}},{"ty":"tr","o":{"a":0,"k":100}}]},{"ty":"tr","o":{"a":0,"k":100}}]}]}]},{"id":"274","layers":[{"ind":273,"ty":4,"ks":{},"ip":0,"op":496,"st":0,"shapes":[{"ty":"rc","p":{"a":0,"k":[1,216]},"r":{"a":0,"k":0},"s":{"a":0,"k":[2,432]}},{"ty":"fl","c":{"a":0,"k":[0,0,0,0]},"o":{"a":0,"k":0}}]},{"ind":0,"ty":4,"ks":{"s":{"a":0,"k":[133.33,133.33]}},"ip":0,"op":496,"st":0,"shapes":[{"ty":"gr","it":[{"ty":"gr","it":[{"ty":"sh","ks":{"a":0,"k":{"c":true,"i":[[0,0],[0,0],[0,0],[0,0]],"o":[[0,0],[0,0],[0,0],[0,0]],"v":[[1.13,0],[1.13,324],[0.38,324],[0.38,0]]}}},{"ty":"gf","e":{"a":0,"k":[1.13,324]},"g":{"p":2,"k":{"a":0,"k":[0,1,1,1,0.33,0.75,0.75,0.75,0,0.02,0.33,0.2]}},"t":1,"o":{"a":0,"k":100},"s":{"a":0,"k":[1.13,0]}},{"ty":"tr","o":{"a":0,"k":100}}]},{"ty":"tr","o":{"a":0,"k":100}}]}]}]},{"id":"279","layers":[{"ind":278,"ty":4,"ks":{},"ip":0,"op":496,"st":0,"shapes":[{"ty":"rc","p":{"a":0,"k":[1,216]},"r":{"a":0,"k":0},"s":{"a":0,"k":[2,432]}},{"ty":"fl","c":{"a":0,"k":[0,0,0,0]},"o":{"a":0,"k":0}}]},{"ind":0,"ty":4,"ks":{"s":{"a":0,"k":[133.33,133.33]}},"ip":0,"op":496,"st":0,"shapes":[{"ty":"gr","it":[{"ty":"gr","it":[{"ty":"sh","ks":{"a":0,"k":{"c":true,"i":[[0,0],[0,0],[0,0],[0,0]],"o":[[0,0],[0,0],[0,0],[0,0]],"v":[[1.13,0],[1.13,324],[0.38,324],[0.38,0]]}}},{"ty":"gf","e":{"a":0,"k":[1.13,324]},"g":{"p":2,"k":{"a":0,"k":[0,1,1,1,0.33,0.75,0.75,0.75,0,0.02,0.33,0.2]}},"t":1,"o":{"a":0,"k":100},"s":{"a":0,"k":[1.13,0]}},{"ty":"tr","o":{"a":0,"k":100}}]},{"ty":"tr","o":{"a":0,"k":100}}]}]}]},{"id":"284","layers":[{"ind":283,"ty":4,"ks":{},"ip":0,"op":496,"st":0,"shapes":[{"ty":"rc","p":{"a":0,"k":[1,216]},"r":{"a":0,"k":0},"s":{"a":0,"k":[2,432]}},{"ty":"fl","c":{"a":0,"k":[0,0,0,0]},"o":{"a":0,"k":0}}]},{"ind":0,"ty":4,"ks":{"s":{"a":0,"k":[133.33,133.33]}},"ip":0,"op":496,"st":0,"shapes":[{"ty":"gr","it":[{"ty":"gr","it":[{"ty":"sh","ks":{"a":0,"k":{"c":true,"i":[[0,0],[0,0],[0,0],[0,0]],"o":[[0,0],[0,0],[0,0],[0,0]],"v":[[1.13,0],[1.13,324],[0.38,324],[0.38,0]]}}},{"ty":"gf","e":{"a":0,"k":[1.13,324]},"g":{"p":2,"k":{"a":0,"k":[0,1,1,1,0.33,0.75,0.75,0.75,0,0.02,0.33,0.2]}},"t":1,"o":{"a":0,"k":100},"s":{"a":0,"k":[1.13,0]}},{"ty":"tr","o":{"a":0,"k":100}}]},{"ty":"tr","o":{"a":0,"k":100}}]}]}]},{"id":"289","layers":[{"ind":288,"ty":4,"ks":{},"ip":0,"op":496,"st":0,"shapes":[{"ty":"rc","p":{"a":0,"k":[1,216]},"r":{"a":0,"k":0},"s":{"a":0,"k":[2,432]}},{"ty":"fl","c":{"a":0,"k":[0,0,0,0]},"o":{"a":0,"k":0}}]},{"ind":0,"ty":4,"ks":{"s":{"a":0,"k":[133.33,133.33]}},"ip":0,"op":496,"st":0,"shapes":[{"ty":"gr","it":[{"ty":"gr","it":[{"ty":"sh","ks":{"a":0,"k":{"c":true,"i":[[0,0],[0,0],[0,0],[0,0]],"o":[[0,0],[0,0],[0,0],[0,0]],"v":[[1.13,0],[1.13,324],[0.38,324],[0.38,0]]}}},{"ty":"gf","e":{"a":0,"k":[1.13,324]},"g":{"p":2,"k":{"a":0,"k":[0,1,1,1,0.33,0.75,0.75,0.75,0,0.02,0.33,0.2]}},"t":1,"o":{"a":0,"k":100},"s":{"a":0,"k":[1.13,0]}},{"ty":"tr","o":{"a":0,"k":100}}]},{"ty":"tr","o":{"a":0,"k":100}}]}]}]},{"id":"294","layers":[{"ind":293,"ty":4,"ks":{},"ip":0,"op":496,"st":0,"shapes":[{"ty":"rc","p":{"a":0,"k":[1,216]},"r":{"a":0,"k":0},"s":{"a":0,"k":[2,432]}},{"ty":"fl","c":{"a":0,"k":[0,0,0,0]},"o":{"a":0,"k":0}}]},{"ind":0,"ty":4,"ks":{"s":{"a":0,"k":[133.33,133.33]}},"ip":0,"op":496,"st":0,"shapes":[{"ty":"gr","it":[{"ty":"gr","it":[{"ty":"sh","ks":{"a":0,"k":{"c":true,"i":[[0,0],[0,0],[0,0],[0,0]],"o":[[0,0],[0,0],[0,0],[0,0]],"v":[[1.13,0],[1.13,324],[0.38,324],[0.38,0]]}}},{"ty":"gf","e":{"a":0,"k":[1.13,324]},"g":{"p":2,"k":{"a":0,"k":[0,1,1,1,0.33,0.75,0.75,0.75,0,0.02,0.33,0.2]}},"t":1,"o":{"a":0,"k":100},"s":{"a":0,"k":[1.13,0]}},{"ty":"tr","o":{"a":0,"k":100}}]},{"ty":"tr","o":{"a":0,"k":100}}]}]}]},{"id":"299","layers":[{"ind":298,"ty":4,"ks":{},"ip":0,"op":496,"st":0,"shapes":[{"ty":"rc","p":{"a":0,"k":[1,216]},"r":{"a":0,"k":0},"s":{"a":0,"k":[2,432]}},{"ty":"fl","c":{"a":0,"k":[0,0,0,0]},"o":{"a":0,"k":0}}]},{"ind":0,"ty":4,"ks":{"s":{"a":0,"k":[133.33,133.33]}},"ip":0,"op":496,"st":0,"shapes":[{"ty":"gr","it":[{"ty":"gr","it":[{"ty":"sh","ks":{"a":0,"k":{"c":true,"i":[[0,0],[0,0],[0,0],[0,0]],"o":[[0,0],[0,0],[0,0],[0,0]],"v":[[1.13,0],[1.13,324],[0.38,324],[0.38,0]]}}},{"ty":"gf","e":{"a":0,"k":[1.13,324]},"g":{"p":2,"k":{"a":0,"k":[0,1,1,1,0.36,0.75,0.75,0.75,0,0.02,0.36,0.2]}},"t":1,"o":{"a":0,"k":100},"s":{"a":0,"k":[1.13,0]}},{"ty":"tr","o":{"a":0,"k":100}}]},{"ty":"tr","o":{"a":0,"k":100}}]}]}]},{"id":"304","layers":[{"ind":303,"ty":4,"ks":{},"ip":0,"op":496,"st":0,"shapes":[{"ty":"rc","p":{"a":0,"k":[1,216]},"r":{"a":0,"k":0},"s":{"a":0,"k":[2,432]}},{"ty":"fl","c":{"a":0,"k":[0,0,0,0]},"o":{"a":0,"k":0}}]},{"ind":0,"ty":4,"ks":{"s":{"a":0,"k":[133.33,133.33]}},"ip":0,"op":496,"st":0,"shapes":[{"ty":"gr","it":[{"ty":"gr","it":[{"ty":"sh","ks":{"a":0,"k":{"c":true,"i":[[0,0],[0,0],[0,0],[0,0]],"o":[[0,0],[0,0],[0,0],[0,0]],"v":[[1.13,0],[1.13,324],[0.38,324],[0.38,0]]}}},{"ty":"gf","e":{"a":0,"k":[1.13,324]},"g":{"p":2,"k":{"a":0,"k":[0,1,1,1,0.36,0.75,0.75,0.75,0,0.02,0.36,0.2]}},"t":1,"o":{"a":0,"k":100},"s":{"a":0,"k":[1.13,0]}},{"ty":"tr","o":{"a":0,"k":100}}]},{"ty":"tr","o":{"a":0,"k":100}}]}]}]},{"id":"307","layers":[{"ind":216,"ty":0,"parent":212,"ks":{},"w":2,"h":432,"ip":0,"op":496,"st":0,"refId":"214"},{"ind":212,"ty":3,"ks":{"p":{"a":0,"k":[607.5,0]}},"ip":0,"op":496,"st":0},{"ind":221,"ty":0,"parent":217,"ks":{},"w":2,"h":432,"ip":0,"op":496,"st":0,"refId":"219"},{"ind":217,"ty":3,"ks":{"p":{"a":0,"k":[575.5,0]}},"ip":0,"op":496,"st":0},{"ind":226,"ty":0,"parent":222,"ks":{},"w":2,"h":432,"ip":0,"op":496,"st":0,"refId":"224"},{"ind":222,"ty":3,"ks":{"p":{"a":0,"k":[543.5,0]}},"ip":0,"op":496,"st":0},{"ind":231,"ty":0,"parent":227,"ks":{},"w":2,"h":432,"ip":0,"op":496,"st":0,"refId":"229"},{"ind":227,"ty":3,"ks":{"p":{"a":0,"k":[511.5,0]}},"ip":0,"op":496,"st":0},{"ind":236,"ty":0,"parent":232,"ks":{},"w":2,"h":432,"ip":0,"op":496,"st":0,"refId":"234"},{"ind":232,"ty":3,"ks":{"p":{"a":0,"k":[479.5,0]}},"ip":0,"op":496,"st":0},{"ind":241,"ty":0,"parent":237,"ks":{},"w":2,"h":432,"ip":0,"op":496,"st":0,"refId":"239"},{"ind":237,"ty":3,"ks":{"p":{"a":0,"k":[447.5,0]}},"ip":0,"op":496,"st":0},{"ind":246,"ty":0,"parent":242,"ks":{},"w":2,"h":432,"ip":0,"op":496,"st":0,"refId":"244"},{"ind":242,"ty":3,"ks":{"p":{"a":0,"k":[415.5,0]}},"ip":0,"op":496,"st":0},{"ind":251,"ty":0,"parent":247,"ks":{},"w":2,"h":432,"ip":0,"op":496,"st":0,"refId":"249"},{"ind":247,"ty":3,"ks":{"p":{"a":0,"k":[383.5,0]}},"ip":0,"op":496,"st":0},{"ind":256,"ty":0,"parent":252,"ks":{},"w":2,"h":432,"ip":0,"op":496,"st":0,"refId":"254"},{"ind":252,"ty":3,"ks":{"p":{"a":0,"k":[351.5,0]}},"ip":0,"op":496,"st":0},{"ind":261,"ty":0,"parent":257,"ks":{},"w":2,"h":432,"ip":0,"op":496,"st":0,"refId":"259"},{"ind":257,"ty":3,"ks":{"p":{"a":0,"k":[319.5,0]}},"ip":0,"op":496,"st":0},{"ind":266,"ty":0,"parent":262,"ks":{},"w":2,"h":432,"ip":0,"op":496,"st":0,"refId":"264"},{"ind":262,"ty":3,"ks":{"p":{"a":0,"k":[287.5,0]}},"ip":0,"op":496,"st":0},{"ind":271,"ty":0,"parent":267,"ks":{},"w":2,"h":432,"ip":0,"op":496,"st":0,"refId":"269"},{"ind":267,"ty":3,"ks":{"p":{"a":0,"k":[255.5,0]}},"ip":0,"op":496,"st":0},{"ind":276,"ty":0,"parent":272,"ks":{},"w":2,"h":432,"ip":0,"op":496,"st":0,"refId":"274"},{"ind":272,"ty":3,"ks":{"p":{"a":0,"k":[223.5,0]}},"ip":0,"op":496,"st":0},{"ind":281,"ty":0,"parent":277,"ks":{},"w":2,"h":432,"ip":0,"op":496,"st":0,"refId":"279"},{"ind":277,"ty":3,"ks":{"p":{"a":0,"k":[191.5,0]}},"ip":0,"op":496,"st":0},{"ind":286,"ty":0,"parent":282,"ks":{},"w":2,"h":432,"ip":0,"op":496,"st":0,"refId":"284"},{"ind":282,"ty":3,"ks":{"p":{"a":0,"k":[159.5,0]}},"ip":0,"op":496,"st":0},{"ind":291,"ty":0,"parent":287,"ks":{},"w":2,"h":432,"ip":0,"op":496,"st":0,"refId":"289"},{"ind":287,"ty":3,"ks":{"p":{"a":0,"k":[127.5,0]}},"ip":0,"op":496,"st":0},{"ind":296,"ty":0,"parent":292,"ks":{},"w":2,"h":432,"ip":0,"op":496,"st":0,"refId":"294"},{"ind":292,"ty":3,"ks":{"p":{"a":0,"k":[95.5,0]}},"ip":0,"op":496,"st":0},{"ind":301,"ty":0,"parent":297,"ks":{},"w":2,"h":432,"ip":0,"op":496,"st":0,"refId":"299"},{"ind":297,"ty":3,"ks":{"p":{"a":0,"k":[63.5,0]}},"ip":0,"op":496,"st":0},{"ind":306,"ty":0,"parent":302,"ks":{},"w":2,"h":432,"ip":0,"op":496,"st":0,"refId":"304"},{"ind":302,"ty":3,"ks":{"p":{"a":0,"k":[31.5,0]}},"ip":0,"op":496,"st":0}]}],"fr":60,"h":480,"ip":0,"layers":[{"ind":6,"ty":4,"parent":5,"ks":{},"ip":0,"op":496,"st":0,"shapes":[{"ty":"sh","ks":{"a":0,"k":{"c":true,"i":[[0,0],[0,0],[0.9,0.6],[0.5,1],[0,1.3],[0,0],[-0.5,1],[-0.9,0.6],[-1.3,0],[0,0],[-0.9,-0.6],[-0.5,-1],[0,-1.3],[0,0],[0.5,-1],[0.9,-0.6],[1.3,0]],"v":[[7.1,23.6],[7.1,23.6],[3.8,22.7],[1.7,20.3],[1,16.7],[1,16.7],[1.7,13.1],[3.8,10.7],[7.1,9.9],[7.1,9.9],[10.4,10.7],[12.5,13.2],[13.2,16.7],[13.2,16.7],[12.5,20.3],[10.4,22.7],[7.1,23.6]],"o":[[0,0],[-1.3,0],[-0.9,-0.6],[-0.5,-1],[0,0],[0,-1.4],[0.5,-1],[0.9,-0.6],[0,0],[1.3,0],[0.9,0.6],[0.5,1],[0,0],[0,1.4],[-0.5,1],[-0.9,0.6],[0,0]]}}},{"ty":"sh","ks":{"a":0,"k":{"c":true,"i":[[0,0],[0,0],[-0.7,1],[0,1.5],[0,0],[0.7,0.9],[1.4,0],[0,0],[0.6,-0.4],[0.3,-0.8],[0,-1],[0,0],[-0.7,-0.9],[-1.4,0]],"v":[[7.1,21.9],[7.1,21.9],[10.3,20.4],[11.4,16.7],[11.4,16.7],[10.3,13],[7.1,11.6],[7.1,11.6],[4.7,12.2],[3.3,14],[2.8,16.7],[2.8,16.7],[3.9,20.4],[7.1,21.9]],"o":[[0,0],[1.4,0],[0.7,-1],[0,0],[0,-1.6],[-0.7,-0.9],[0,0],[-1,0],[-0.6,0.4],[-0.3,0.8],[0,0],[0,1.6],[0.7,0.9],[0,0]]}}},{"ty":"fl","c":{"a":0,"k":[0,0,0]},"o":{"a":0,"k":100}}]},{"ind":5,"ty":3,"parent":4,"ks":{"p":{"a":0,"k":[127.284,0]}},"ip":0,"op":496,"st":0},{"ind":8,"ty":4,"parent":7,"ks":{},"ip":0,"op":496,"st":0,"shapes":[{"ty":"sh","ks":{"a":0,"k":{"c":true,"i":[[0,0],[0,0],[0.9,0.6],[0.5,1],[0,1.3],[0,0],[-0.5,1],[-0.9,0.6],[-1.3,0],[0,0],[-1,-0.6],[-0.4,-1.1],[0,0],[0,0],[0.7,0.4],[0.8,0],[0,0],[0.6,-0.4],[0.3,-0.8],[0,-1],[0,0],[-0.7,-0.9],[-1.4,0],[0,0],[-0.6,0.4],[-0.3,0.8],[0,0],[0,0],[0.9,-0.6],[1.3,0]],"v":[[7.1,23.6],[7.1,23.6],[3.7,22.7],[1.7,20.3],[1,16.7],[1,16.7],[1.7,13.1],[3.8,10.7],[7.1,9.9],[7.1,9.9],[10.5,10.8],[12.5,13.5],[12.5,13.5],[10.8,14],[9.3,12.2],[7.1,11.6],[7.1,11.6],[4.7,12.2],[3.3,14],[2.8,16.7],[2.8,16.7],[3.9,20.4],[7.1,21.9],[7.1,21.9],[9.3,21.3],[10.7,19.5],[10.7,19.5],[12.5,20],[10.4,22.6],[7.1,23.6]],"o":[[0,0],[-1.3,0],[-0.9,-0.6],[-0.5,-1],[0,0],[0,-1.4],[0.5,-1],[0.9,-0.6],[0,0],[1.3,0],[1,0.6],[0,0],[0,0],[-0.3,-0.8],[-0.7,-0.4],[0,0],[-1,0],[-0.6,0.4],[-0.3,0.8],[0,0],[0,1.6],[0.7,0.9],[0,0],[0.9,0],[0.6,-0.4],[0,0],[0,0],[-0.5,1.2],[-0.9,0.6],[0,0]]}}},{"ty":"fl","c":{"a":0,"k":[0,0,0]},"o":{"a":0,"k":100}}]},{"ind":7,"ty":3,"parent":4,"ks":{"p":{"a":0,"k":[113.86,0]}},"ip":0,"op":496,"st":0},{"ind":10,"ty":4,"parent":9,"ks":{},"ip":0,"op":496,"st":0,"shapes":[{"ty":"sh","ks":{"a":0,"k":{"c":true,"i":[[0,0],[0,0],[0,0],[0,0],[0,0]],"v":[[4.07,23.19],[2.02,23.19],[2.02,21.14],[4.07,21.14],[4.07,23.19]],"o":[[0,0],[0,0],[0,0],[0,0],[0,0]]}}},{"ty":"fl","c":{"a":0,"k":[0,0,0]},"o":{"a":0,"k":100}}]},{"ind":9,"ty":3,"parent":4,"ks":{"p":{"a":0,"k":[107.276,0]}},"ip":0,"op":496,"st":0},{"ind":12,"ty":4,"parent":11,"ks":{},"ip":0,"op":496,"st":0,"shapes":[{"ty":"sh","ks":{"a":0,"k":{"c":true,"i":[[0,0],[0,0],[0,0],[0,0],[0,0],[0,0],[0,0],[0,0],[0,0],[0,0],[0,0]],"v":[[5.3,29],[3.5,29],[6,22.1],[6.1,24.2],[0.4,10.2],[2.3,10.2],[6.9,21.9],[6.2,21.9],[10.5,10.2],[12.3,10.2],[5.3,29]],"o":[[0,0],[0,0],[0,0],[0,0],[0,0],[0,0],[0,0],[0,0],[0,0],[0,0],[0,0]]}}},{"ty":"fl","c":{"a":0,"k":[0,0,0]},"o":{"a":0,"k":100}}]},{"ind":11,"ty":3,"parent":4,"ks":{"p":{"a":0,"k":[96.036,0]}},"ip":0,"op":496,"st":0},{"ind":14,"ty":4,"parent":13,"ks":{},"ip":0,"op":496,"st":0,"shapes":[{"ty":"sh","ks":{"a":0,"k":{"c":true,"i":[[0,0],[0,0],[0,0],[0.1,0.6],[0.3,0.5],[0.5,0.2],[0.7,0],[0,0],[0.5,-0.2],[0.3,-0.4],[0.2,-0.6],[0,-0.7],[0,0],[0,0],[-0.5,0.9],[-0.8,0.5],[-1.1,0],[0,0],[-0.6,-0.2],[-0.4,-0.4],[-0.2,-0.5],[-0.1,-0.6],[0,-0.6],[0,0],[0,0]],"v":[[12.8,23.2],[11,23.2],[11,16.6],[10.8,14.6],[10.2,13],[9,12],[7.3,11.6],[7.3,11.6],[5.6,11.9],[4.4,12.8],[3.7,14.3],[3.4,16.3],[3.4,16.3],[2.2,16],[2.9,12.7],[4.8,10.6],[7.6,9.9],[7.6,9.9],[9.7,10.3],[11.1,11.2],[12.1,12.6],[12.6,14.3],[12.8,16.1],[12.8,16.1],[12.8,23.2]],"o":[[0,0],[0,0],[0,-0.7],[-0.1,-0.6],[-0.3,-0.5],[-0.5,-0.2],[0,0],[-0.6,0],[-0.5,0.2],[-0.3,0.4],[-0.2,0.6],[0,0],[0,0],[0,-1.3],[0.5,-0.9],[0.8,-0.5],[0,0],[0.8,0],[0.6,0.2],[0.4,0.4],[0.2,0.5],[0.1,0.6],[0,0],[0,0],[0,0]]}}},{"ty":"sh","ks":{"a":0,"k":{"c":true,"i":[[0,0],[0,0],[0,0],[0,0],[0,0],[0,0],[0,0]],"v":[[3.4,23.2],[1.7,23.2],[1.7,10.2],[3.3,10.2],[3.3,13.4],[3.4,13.4],[3.4,23.2]],"o":[[0,0],[0,0],[0,0],[0,0],[0,0],[0,0],[0,0]]}}},{"ty":"fl","c":{"a":0,"k":[0,0,0]},"o":{"a":0,"k":100}}]},{"ind":13,"ty":3,"parent":4,"ks":{"p":{"a":0,"k":[81.76,0]}},"ip":0,"op":496,"st":0},{"ind":16,"ty":4,"parent":15,"ks":{},"ip":0,"op":496,"st":0,"shapes":[{"ty":"sh","ks":{"a":0,"k":{"c":true,"i":[[0,0],[0,0],[0.7,0.4],[0.3,0.6],[0,0.7],[0,0],[-0.3,0.5],[-0.5,0.3],[-0.6,0.2],[0,0],[-0.8,0.1],[-0.8,0.1],[-0.6,0.1],[0,0],[0,0],[0.5,0.6],[1.3,0],[0,0],[0.6,-0.4],[0.2,-0.9],[0,0],[0,0],[-0.9,0.6],[-1.4,0],[0,0],[-0.8,-0.4],[-0.3,-0.8],[0,0],[0,-0.5],[0,-0.5],[0,0],[0,0],[0,0],[0,0],[0,0],[0.9,-0.6],[1.3,0]],"v":[[5.4,23.6],[5.4,23.6],[2.9,23],[1.5,21.6],[1,19.7],[1,19.7],[1.4,17.9],[2.6,16.7],[4.3,15.9],[4.3,15.9],[6.4,15.5],[8.8,15.2],[10.8,14.9],[10.8,14.9],[10.2,15.3],[9.4,12.5],[6.7,11.5],[6.7,11.5],[4.5,12.1],[3.2,14],[3.2,14],[1.5,13.5],[3.2,10.8],[6.7,9.9],[6.7,9.9],[9.8,10.5],[11.5,12.5],[11.5,12.5],[11.8,13.7],[11.9,15.1],[11.9,15.1],[11.9,23.2],[10.3,23.2],[10.3,19.9],[10.8,20.1],[8.7,22.7],[5.4,23.6]],"o":[[0,0],[-1,0],[-0.7,-0.4],[-0.3,-0.6],[0,0],[0,-0.7],[0.3,-0.5],[0.5,-0.3],[0,0],[0.7,-0.2],[0.8,-0.1],[0.8,-0.1],[0,0],[0,0],[0,-1.3],[-0.5,-0.6],[0,0],[-0.9,0],[-0.6,0.4],[0,0],[0,0],[0.3,-1.2],[0.9,-0.6],[0,0],[1.2,0],[0.8,0.4],[0,0],[0.2,0.4],[0,0.5],[0,0],[0,0],[0,0],[0,0],[0,0],[-0.4,1.1],[-0.9,0.6],[0,0]]}}},{"ty":"sh","ks":{"a":0,"k":{"c":true,"i":[[0,0],[0,0],[-0.6,0.3],[-0.4,0.5],[-0.1,0.6],[0,0],[0,0.5],[0,0.2],[0,0],[0,0],[0.7,-0.1],[0.7,-0.1],[0.5,-0.1],[0,0],[0.3,-0.2],[0.2,-0.3],[0,-0.5],[0,0],[-0.2,-0.4],[-0.4,-0.2],[-0.7,0]],"v":[[5.6,22],[5.6,22],[7.8,21.6],[9.2,20.4],[10,18.6],[10,18.6],[10.1,17.2],[10.1,16.1],[10.1,16.1],[10.8,16.5],[8.9,16.7],[6.8,17],[5,17.4],[5,17.4],[3.9,17.8],[3.1,18.5],[2.7,19.7],[2.7,19.7],[3,20.8],[3.9,21.7],[5.6,22]],"o":[[0,0],[0.8,0],[0.6,-0.3],[0.4,-0.5],[0,0],[0.1,-0.4],[0,-0.5],[0,0],[0,0],[-0.6,0.1],[-0.7,0.1],[-0.7,0.1],[0,0],[-0.4,0.1],[-0.3,0.2],[-0.2,0.3],[0,0],[0,0.4],[0.2,0.4],[0.4,0.2],[0,0]]}}},{"ty":"fl","c":{"a":0,"k":[0,0,0]},"o":{"a":0,"k":100}}]},{"ind":15,"ty":3,"parent":4,"ks":{"p":{"a":0,"k":[67.928,0]}},"ip":0,"op":496,"st":0},{"ind":18,"ty":4,"parent":17,"ks":{},"ip":0,"op":496,"st":0,"shapes":[{"ty":"sh","ks":{"a":0,"k":{"c":true,"i":[[0,0],[0,0],[0.8,0.6],[0.4,1],[0,1.3],[0,0],[-0.4,1],[-0.8,0.6],[-1.2,0],[0,0],[-0.8,-0.6],[-0.5,-1],[0,-1.3],[0,0],[0.5,-1],[0.9,-0.6],[1.2,0]],"v":[[7.5,23.6],[7.5,23.6],[4.5,22.6],[2.6,20.2],[2,16.7],[2,16.7],[2.6,13.2],[4.5,10.8],[7.6,9.9],[7.6,9.9],[10.6,10.8],[12.6,13.2],[13.2,16.7],[13.2,16.7],[12.6,20.2],[10.6,22.6],[7.5,23.6]],"o":[[0,0],[-1.2,0],[-0.8,-0.6],[-0.4,-1],[0,0],[0,-1.3],[0.4,-1],[0.8,-0.6],[0,0],[1.2,0],[0.8,0.6],[0.5,1],[0,0],[0,1.3],[-0.5,1],[-0.9,0.6],[0,0]]}}},{"ty":"sh","ks":{"a":0,"k":{"c":true,"i":[[0,0],[0,0],[0,0],[0,0],[0,0],[0,0],[0,0]],"v":[[3.4,29],[1.7,29],[1.7,10.2],[3.3,10.2],[3.3,20],[3.4,20],[3.4,29]],"o":[[0,0],[0,0],[0,0],[0,0],[0,0],[0,0],[0,0]]}}},{"ty":"sh","ks":{"a":0,"k":{"c":true,"i":[[0,0],[0,0],[-0.6,0.5],[-0.3,0.8],[0,1],[0,0],[0.3,0.8],[0.6,0.5],[0.9,0],[0,0],[0.6,-0.4],[0.3,-0.8],[0,-1],[0,0],[-0.3,-0.8],[-0.6,-0.4],[-0.9,0]],"v":[[7.3,21.9],[7.3,21.9],[9.6,21.2],[10.9,19.4],[11.4,16.7],[11.4,16.7],[10.9,14.1],[9.6,12.2],[7.3,11.5],[7.3,11.5],[5,12.2],[3.7,14],[3.3,16.7],[3.3,16.7],[3.7,19.4],[5,21.2],[7.3,21.9]],"o":[[0,0],[0.9,0],[0.6,-0.5],[0.3,-0.8],[0,0],[0,-1],[-0.3,-0.8],[-0.6,-0.5],[0,0],[-0.9,0],[-0.6,0.4],[-0.3,0.8],[0,0],[0,1],[0.3,0.8],[0.6,0.4],[0,0]]}}},{"ty":"fl","c":{"a":0,"k":[0,0,0]},"o":{"a":0,"k":100}}]},{"ind":17,"ty":3,"parent":4,"ks":{"p":{"a":0,"k":[53.22,0]}},"ip":0,"op":496,"st":0},{"ind":20,"ty":4,"parent":19,"ks":{},"ip":0,"op":496,"st":0,"shapes":[{"ty":"sh","ks":{"a":0,"k":{"c":true,"i":[[0,0],[0,0],[0,0],[0.6,0.6],[0.9,0],[0,0],[0.5,-0.2],[0.3,-0.5],[0,-0.8],[0,0],[0,0],[-0.4,0.7],[-0.7,0.4],[-0.9,0],[0,0],[-0.8,-0.8],[0,-1.4],[0,0],[0,0]],"v":[[18.9,23.2],[17.1,23.2],[17.1,14.7],[16.3,12.3],[14.2,11.5],[14.2,11.5],[12.8,11.8],[11.6,12.9],[11.2,14.8],[11.2,14.8],[10.1,14.5],[10.7,12.1],[12.3,10.5],[14.6,9.9],[14.6,9.9],[17.7,11.1],[18.9,14.3],[18.9,14.3],[18.9,23.2]],"o":[[0,0],[0,0],[0,-1],[-0.6,-0.6],[0,0],[-0.5,0],[-0.5,0.2],[-0.3,0.5],[0,0],[0,0],[0,-0.9],[0.4,-0.7],[0.7,-0.4],[0,0],[1.3,0],[0.8,0.8],[0,0],[0,0],[0,0]]}}},{"ty":"sh","ks":{"a":0,"k":{"c":true,"i":[[0,0],[0,0],[0,0],[0,0],[0,0],[0,0],[0,0]],"v":[[3.4,23.2],[1.7,23.2],[1.7,10.2],[3.3,10.2],[3.3,13.4],[3.4,13.4],[3.4,23.2]],"o":[[0,0],[0,0],[0,0],[0,0],[0,0],[0,0],[0,0]]}}},{"ty":"sh","ks":{"a":0,"k":{"c":true,"i":[[0,0],[0,0],[0,0],[0.5,0.6],[0.9,0],[0,0],[0.6,-0.6],[0,-1],[0,0],[0,0],[-0.4,0.7],[-0.7,0.4],[-0.9,0],[0,0],[-0.6,-0.4],[-0.4,-0.7],[0,-1],[0,0],[0,0]],"v":[[11.2,23.2],[9.4,23.2],[9.4,14.8],[8.6,12.4],[6.4,11.5],[6.4,11.5],[4.3,12.4],[3.4,14.8],[3.4,14.8],[2.4,14.3],[3,12],[4.6,10.5],[6.9,9.9],[6.9,9.9],[9.1,10.4],[10.6,11.9],[11.2,14.4],[11.2,14.4],[11.2,23.2]],"o":[[0,0],[0,0],[0,-1],[-0.5,-0.6],[0,0],[-0.9,0],[-0.6,0.6],[0,0],[0,0],[0,-0.8],[0.4,-0.7],[0.7,-0.4],[0,0],[0.8,0],[0.6,0.4],[0.4,0.7],[0,0],[0,0],[0,0]]}}},{"ty":"fl","c":{"a":0,"k":[0,0,0]},"o":{"a":0,"k":100}}]},{"ind":19,"ty":3,"parent":4,"ks":{"p":{"a":0,"k":[32.368,0]}},"ip":0,"op":496,"st":0},{"ind":22,"ty":4,"parent":21,"ks":{},"ip":0,"op":496,"st":0,"shapes":[{"ty":"sh","ks":{"a":0,"k":{"c":true,"i":[[0,0],[0,0],[0.9,0.6],[0.5,1],[0,1.3],[0,0],[-0.5,1],[-0.9,0.6],[-1.3,0],[0,0],[-0.9,-0.6],[-0.5,-1],[0,-1.3],[0,0],[0.5,-1],[0.9,-0.6],[1.3,0]],"v":[[7.1,23.6],[7.1,23.6],[3.8,22.7],[1.7,20.3],[1,16.7],[1,16.7],[1.7,13.1],[3.8,10.7],[7.1,9.9],[7.1,9.9],[10.4,10.7],[12.5,13.2],[13.2,16.7],[13.2,16.7],[12.5,20.3],[10.4,22.7],[7.1,23.6]],"o":[[0,0],[-1.3,0],[-0.9,-0.6],[-0.5,-1],[0,0],[0,-1.4],[0.5,-1],[0.9,-0.6],[0,0],[1.3,0],[0.9,0.6],[0.5,1],[0,0],[0,1.4],[-0.5,1],[-0.9,0.6],[0,0]]}}},{"ty":"sh","ks":{"a":0,"k":{"c":true,"i":[[0,0],[0,0],[-0.7,1],[0,1.5],[0,0],[0.7,0.9],[1.4,0],[0,0],[0.6,-0.4],[0.3,-0.8],[0,-1],[0,0],[-0.7,-0.9],[-1.4,0]],"v":[[7.1,21.9],[7.1,21.9],[10.3,20.4],[11.4,16.7],[11.4,16.7],[10.3,13],[7.1,11.6],[7.1,11.6],[4.7,12.2],[3.3,14],[2.8,16.7],[2.8,16.7],[3.9,20.4],[7.1,21.9]],"o":[[0,0],[1.4,0],[0.7,-1],[0,0],[0,-1.6],[-0.7,-0.9],[0,0],[-1,0],[-0.6,0.4],[-0.3,0.8],[0,0],[0,1.6],[0.7,0.9],[0,0]]}}},{"ty":"fl","c":{"a":0,"k":[0,0,0]},"o":{"a":0,"k":100}}]},{"ind":21,"ty":3,"parent":4,"ks":{"p":{"a":0,"k":[17.672,0]}},"ip":0,"op":496,"st":0},{"ind":24,"ty":4,"parent":23,"ks":{},"ip":0,"op":496,"st":0,"shapes":[{"ty":"sh","ks":{"a":0,"k":{"c":true,"i":[[0,0],[0,0],[1.2,0.8],[0.6,1.4],[0,1.8],[0,0],[-0.6,1.4],[-1.2,0.8],[-1.7,0],[0,0],[-1.3,-1],[-0.5,-1.7],[0,0],[0,0],[1,0.8],[1.6,0],[0,0],[0.9,-0.6],[0.5,-1.1],[0,-1.4],[0,0],[-0.5,-1.1],[-0.9,-0.6],[-1.4,0],[0,0],[-1,0.8],[-0.4,1.4],[0,0],[0,0],[1.3,-1],[2,0]],"v":[[8.7,23.6],[8.7,23.6],[4.3,22.4],[1.6,19.2],[0.7,14.6],[0.7,14.6],[1.6,9.9],[4.3,6.7],[8.7,5.6],[8.7,5.6],[13.6,7.1],[16.2,11.2],[16.2,11.2],[14.4,11.7],[12.4,8.4],[8.7,7.2],[8.7,7.2],[5.3,8.2],[3.3,10.7],[2.6,14.6],[2.6,14.6],[3.2,18.4],[5.3,20.9],[8.7,21.9],[8.7,21.9],[12.4,20.7],[14.4,17.4],[14.4,17.4],[16.2,17.9],[13.6,22],[8.7,23.6]],"o":[[0,0],[-1.7,0],[-1.2,-0.8],[-0.6,-1.4],[0,0],[0,-1.8],[0.6,-1.4],[1.2,-0.8],[0,0],[2,0],[1.3,1],[0,0],[0,0],[-0.4,-1.4],[-1,-0.8],[0,0],[-1.4,0],[-0.9,0.6],[-0.5,1.1],[0,0],[0,1.4],[0.5,1.1],[0.9,0.6],[0,0],[1.6,0],[1,-0.8],[0,0],[0,0],[-0.5,1.7],[-1.3,1],[0,0]]}}},{"ty":"fl","c":{"a":0,"k":[0,0,0]},"o":{"a":0,"k":100}}]},{"ind":23,"ty":3,"parent":4,"ks":{},"ip":0,"op":496,"st":0},{"ind":4,"ty":3,"parent":3,"ks":{},"ip":0,"op":496,"st":0},{"ind":3,"ty":3,"parent":2,"ks":{},"ip":0,"op":496,"st":0},{"ind":2,"ty":3,"parent":1,"ks":{"p":{"a":1,"k":[{"t":0,"s":[40,-48],"i":{"x":[1,1],"y":[1,1]},"o":{"x":[0,0],"y":[0,0]}},{"t":31.92,"s":[40,-48],"i":{"x":[1,0],"y":[1,1]},"o":{"x":[0,0.5],"y":[0,0]}},{"t":61.92,"s":[40,32],"i":{"x":[1,1],"y":[1,1]},"o":{"x":[0,0],"y":[0,0]}},{"t":495,"s":[40,32],"h":1}]}},"ip":0,"op":496,"st":0},{"ind":29,"ty":4,"parent":28,"ks":{},"ip":0,"op":496,"st":0,"shapes":[{"ty":"sh","ks":{"a":0,"k":{"c":true,"i":[[0,0],[0,0],[0,0],[0,0],[0,0]],"v":[[1.6,4.8],[2.9,4.8],[2.9,19.2],[1.6,19.2],[1.6,4.8]],"o":[[0,0],[0,0],[0,0],[0,0],[0,0]]}}},{"ty":"fl","c":{"a":0,"k":[0.255,0.263,0.275]},"o":{"a":0,"k":100}}]},{"ind":28,"ty":3,"parent":27,"ks":{},"ip":0,"op":496,"st":0},{"ind":27,"ty":3,"parent":26,"ks":{},"ip":0,"op":496,"st":0},{"ind":26,"ty":3,"parent":25,"ks":{},"ip":0,"op":496,"st":0},{"ind":25,"ty":3,"parent":1,"ks":{"p":{"a":1,"k":[{"t":0,"s":[192,-58],"i":{"x":[1,1],"y":[1,1]},"o":{"x":[0,0],"y":[0,0]}},{"t":31.92,"s":[192,-58],"i":{"x":[1,0],"y":[1,1]},"o":{"x":[0,0.5],"y":[0,0]}},{"t":61.92,"s":[192,34],"i":{"x":[1,1],"y":[1,1]},"o":{"x":[0,0],"y":[0,0]}},{"t":495,"s":[192,34],"h":1}]}},"ip":0,"op":496,"st":0},{"ind":34,"ty":4,"parent":33,"ks":{},"ip":0,"op":496,"st":0,"shapes":[{"ty":"sh","ks":{"a":0,"k":{"c":true,"i":[[0,0],[0,0],[0,0],[0,0],[-0.4,0.2],[-0.6,0],[0,0],[-0.5,-0.3],[-0.3,-0.5],[0,-0.8],[0,0],[0,0],[0,0],[0,0],[0.4,0.4],[0.7,0],[0,0],[0.4,-0.5],[0,-0.9],[0,0],[0,0],[0,0]],"v":[[1.2,17.6],[1.2,9.6],[2.3,9.6],[2.4,10.7],[3.4,9.8],[4.9,9.5],[4.9,9.5],[6.5,9.9],[7.5,11],[7.9,13],[7.9,13],[7.9,17.6],[6.7,17.6],[6.7,13.1],[6.2,11.2],[4.6,10.6],[4.6,10.6],[3,11.3],[2.4,13.3],[2.4,13.3],[2.4,17.6],[1.2,17.6]],"o":[[0,0],[0,0],[0,0],[0.3,-0.4],[0.4,-0.2],[0,0],[0.6,0],[0.5,0.3],[0.3,0.5],[0,0],[0,0],[0,0],[0,0],[0,-0.8],[-0.4,-0.4],[0,0],[-0.7,0],[-0.4,0.5],[0,0],[0,0],[0,0],[0,0]]}}},{"ty":"fl","c":{"a":0,"k":[0.255,0.263,0.275]},"o":{"a":0,"k":100}}]},{"ind":33,"ty":3,"parent":32,"ks":{"p":{"a":0,"k":[9.44,0]}},"ip":0,"op":496,"st":0},{"ind":36,"ty":4,"parent":35,"ks":{},"ip":0,"op":496,"st":0,"shapes":[{"ty":"sh","ks":{"a":0,"k":{"c":true,"i":[[0,0],[0,0],[0.6,0.3],[0.3,0.6],[0,0.8],[0,0],[-0.3,0.6],[-0.6,0.3],[-0.8,0],[0,0],[-0.6,-0.3],[-0.3,-0.6],[0,-0.8],[0,0],[0.4,-0.6],[0.6,-0.3],[0.8,0]],"v":[[4.7,17.7],[4.7,17.7],[2.7,17.2],[1.2,15.8],[0.7,13.6],[0.7,13.6],[1.3,11.4],[2.7,10],[4.7,9.5],[4.7,9.5],[6.8,10],[8.2,11.4],[8.7,13.6],[8.7,13.6],[8.2,15.8],[6.7,17.2],[4.7,17.7]],"o":[[0,0],[-0.8,0],[-0.6,-0.3],[-0.3,-0.6],[0,0],[0,-0.9],[0.3,-0.6],[0.6,-0.3],[0,0],[0.8,0],[0.6,0.3],[0.3,0.6],[0,0],[0,0.9],[-0.4,0.6],[-0.6,0.3],[0,0]]}}},{"ty":"sh","ks":{"a":0,"k":{"c":true,"i":[[0,0],[0,0],[-0.4,0.2],[-0.3,0.4],[0,0.7],[0,0],[0.3,0.4],[0.4,0.2],[0.5,0],[0,0],[0.4,-0.2],[0.3,-0.4],[0,-0.7],[0,0],[-0.2,-0.4],[-0.4,-0.2],[-0.5,0]],"v":[[4.7,16.6],[4.7,16.6],[6,16.3],[7,15.3],[7.4,13.6],[7.4,13.6],[7,11.9],[6,10.9],[4.7,10.6],[4.7,10.6],[3.4,10.9],[2.4,11.9],[2,13.6],[2,13.6],[2.4,15.3],[3.4,16.3],[4.7,16.6]],"o":[[0,0],[0.5,0],[0.4,-0.2],[0.3,-0.4],[0,0],[0,-0.7],[-0.3,-0.4],[-0.4,-0.2],[0,0],[-0.5,0],[-0.4,0.2],[-0.3,0.4],[0,0],[0,0.7],[0.2,0.4],[0.4,0.2],[0,0]]}}},{"ty":"fl","c":{"a":0,"k":[0.255,0.263,0.275]},"o":{"a":0,"k":100}}]},{"ind":35,"ty":3,"parent":32,"ks":{},"ip":0,"op":496,"st":0},{"ind":32,"ty":3,"parent":31,"ks":{"p":{"a":0,"k":[71.312,0]}},"ip":0,"op":496,"st":0},{"ind":39,"ty":4,"parent":38,"ks":{},"ip":0,"op":496,"st":0,"shapes":[{"ty":"sh","ks":{"a":0,"k":{"c":true,"i":[[0,0],[0,0],[0,0],[0,0],[0,0],[0,0],[0,0],[0,0],[0.5,-0.3],[0.7,0],[0,0],[0.5,0.3],[0.3,0.6],[0,0.8],[0,0],[-0.3,0.6],[-0.5,0.3],[-0.7,0],[0,0],[-0.5,-0.3],[-0.2,-0.5]],"v":[[7.4,11.2],[7.4,11.2],[7.3,11.2],[7.3,6.1],[8.5,6.1],[8.5,17.6],[7.4,17.6],[7.3,16.1],[6.2,17.2],[4.4,17.7],[4.4,17.7],[2.5,17.2],[1.2,15.8],[0.7,13.6],[0.7,13.6],[1.2,11.4],[2.5,10],[4.4,9.5],[4.4,9.5],[6.3,10],[7.4,11.2]],"o":[[0,0],[0,0],[0,0],[0,0],[0,0],[0,0],[0,0],[-0.2,0.4],[-0.5,0.3],[0,0],[-0.7,0],[-0.5,-0.3],[-0.3,-0.6],[0,0],[0,-0.8],[0.3,-0.6],[0.5,-0.3],[0,0],[0.8,0],[0.5,0.3],[0,0]]}}},{"ty":"sh","ks":{"a":0,"k":{"c":true,"i":[[0,0],[0,0],[-0.5,-0.5],[-0.8,0],[0,0],[-0.4,0.2],[-0.2,0.4],[0,0.6],[0,0],[0.2,0.4],[0.4,0.2],[0.5,0],[0,0],[0.5,-0.5],[0,-0.9]],"v":[[2,13.6],[2,13.6],[2.7,15.8],[4.7,16.6],[4.7,16.6],[6,16.2],[6.9,15.2],[7.3,13.6],[7.3,13.6],[6.9,12],[6,11],[4.7,10.6],[4.7,10.6],[2.7,11.4],[2,13.6]],"o":[[0,0],[0,0.9],[0.5,0.5],[0,0],[0.5,0],[0.4,-0.2],[0.2,-0.4],[0,0],[0,-0.6],[-0.2,-0.4],[-0.4,-0.2],[0,0],[-0.8,0],[-0.5,0.5],[0,0]]}}},{"ty":"fl","c":{"a":0,"k":[0.255,0.263,0.275]},"o":{"a":0,"k":100}}]},{"ind":38,"ty":3,"parent":37,"ks":{"p":{"a":0,"k":[20.448,0]}},"ip":0,"op":496,"st":0},{"ind":41,"ty":4,"parent":40,"ks":{},"ip":0,"op":496,"st":0,"shapes":[{"ty":"sh","ks":{"a":0,"k":{"c":true,"i":[[0,0],[0,0],[0,0],[0,0],[0,0],[0,0],[0,0],[0,0],[0.5,-0.3],[0.7,0],[0,0],[0.5,0.3],[0.3,0.6],[0,0.8],[0,0],[-0.3,0.6],[-0.5,0.3],[-0.7,0],[0,0],[-0.5,-0.3],[-0.2,-0.5]],"v":[[7.4,11.2],[7.4,11.2],[7.3,11.2],[7.3,6.1],[8.5,6.1],[8.5,17.6],[7.4,17.6],[7.3,16.1],[6.2,17.2],[4.4,17.7],[4.4,17.7],[2.5,17.2],[1.2,15.8],[0.7,13.6],[0.7,13.6],[1.2,11.4],[2.5,10],[4.4,9.5],[4.4,9.5],[6.3,10],[7.4,11.2]],"o":[[0,0],[0,0],[0,0],[0,0],[0,0],[0,0],[0,0],[-0.2,0.4],[-0.5,0.3],[0,0],[-0.7,0],[-0.5,-0.3],[-0.3,-0.6],[0,0],[0,-0.8],[0.3,-0.6],[0.5,-0.3],[0,0],[0.8,0],[0.5,0.3],[0,0]]}}},{"ty":"sh","ks":{"a":0,"k":{"c":true,"i":[[0,0],[0,0],[-0.5,-0.5],[-0.8,0],[0,0],[-0.4,0.2],[-0.2,0.4],[0,0.6],[0,0],[0.2,0.4],[0.4,0.2],[0.5,0],[0,0],[0.5,-0.5],[0,-0.9]],"v":[[2,13.6],[2,13.6],[2.7,15.8],[4.7,16.6],[4.7,16.6],[6,16.2],[6.9,15.2],[7.3,13.6],[7.3,13.6],[6.9,12],[6,11],[4.7,10.6],[4.7,10.6],[2.7,11.4],[2,13.6]],"o":[[0,0],[0,0.9],[0.5,0.5],[0,0],[0.5,0],[0.4,-0.2],[0.2,-0.4],[0,0],[0,-0.6],[-0.2,-0.4],[-0.4,-0.2],[0,0],[-0.8,0],[-0.5,0.5],[0,0]]}}},{"ty":"fl","c":{"a":0,"k":[0.255,0.263,0.275]},"o":{"a":0,"k":100}}]},{"ind":40,"ty":3,"parent":37,"ks":{"p":{"a":0,"k":[10.752,0]}},"ip":0,"op":496,"st":0},{"ind":43,"ty":4,"parent":42,"ks":{},"ip":0,"op":496,"st":0,"shapes":[{"ty":"sh","ks":{"a":0,"k":{"c":true,"i":[[0,0],[0,0],[0,0],[0,0],[0,0],[0,0],[0,0],[0,0],[0,0]],"v":[[9.3,17.6],[5.7,7.5],[5.1,7.5],[1.4,17.6],[0.1,17.6],[4.2,6.4],[6.5,6.4],[10.6,17.6],[9.3,17.6]],"o":[[0,0],[0,0],[0,0],[0,0],[0,0],[0,0],[0,0],[0,0],[0,0]]}}},{"ty":"sh","ks":{"a":0,"k":{"c":true,"i":[[0,0],[0,0],[0,0],[0,0],[0,0]],"v":[[2.1,14.7],[2.1,13.5],[8.7,13.5],[8.7,14.7],[2.1,14.7]],"o":[[0,0],[0,0],[0,0],[0,0],[0,0]]}}},{"ty":"fl","c":{"a":0,"k":[0.255,0.263,0.275]},"o":{"a":0,"k":100}}]},{"ind":42,"ty":3,"parent":37,"ks":{},"ip":0,"op":496,"st":0},{"ind":37,"ty":3,"parent":31,"ks":{"p":{"a":0,"k":[36.688,0]}},"ip":0,"op":496,"st":0},{"ind":46,"ty":4,"parent":45,"ks":{},"ip":0,"op":496,"st":0,"shapes":[{"ty":"sh","ks":{"a":0,"k":{"c":true,"i":[[0,0],[0,0],[0,0],[0,0],[0,0],[0,0],[0,0],[0,0],[0,0],[0,0],[0,0],[0,0],[0,0],[0,0]],"v":[[6,11.4],[4,17.6],[2.9,17.6],[0.4,9.6],[1.6,9.6],[3.5,16.1],[5.5,9.6],[6.6,9.6],[8.7,16.1],[10.5,9.6],[11.7,9.6],[9.2,17.6],[8.1,17.6],[6,11.4]],"o":[[0,0],[0,0],[0,0],[0,0],[0,0],[0,0],[0,0],[0,0],[0,0],[0,0],[0,0],[0,0],[0,0],[0,0]]}}},{"ty":"fl","c":{"a":0,"k":[0.255,0.263,0.275]},"o":{"a":0,"k":100}}]},{"ind":45,"ty":3,"parent":44,"ks":{"p":{"a":0,"k":[20.144,0]}},"ip":0,"op":496,"st":0},{"ind":48,"ty":4,"parent":47,"ks":{},"ip":0,"op":496,"st":0,"shapes":[{"ty":"sh","ks":{"a":0,"k":{"c":true,"i":[[0,0],[0,0],[0.6,0.4],[0.3,0.6],[0,0.8],[0,0],[-0.3,0.6],[-0.6,0.3],[-0.7,0],[0,0],[-0.6,-0.3],[-0.3,-0.6],[0,-0.7],[0,0],[0,-0.1],[0,-0.1],[0,0],[0,0],[-0.2,-0.4],[-0.4,-0.2],[-0.5,0],[0,0],[-0.4,0.2],[-0.2,0.4],[0,0],[0,0],[0.6,-0.4],[0.8,0]],"v":[[4.6,17.7],[4.6,17.7],[2.6,17.2],[1.2,15.7],[0.7,13.5],[0.7,13.5],[1.2,11.4],[2.6,10],[4.6,9.5],[4.6,9.5],[6.5,10],[7.8,11.3],[8.3,13.2],[8.3,13.2],[8.3,13.6],[8.2,14],[8.2,14],[2,14],[2.4,15.3],[3.3,16.2],[4.6,16.6],[4.6,16.6],[6.1,16.2],[7.1,15.2],[7.1,15.2],[8.1,15.6],[6.7,17.2],[4.6,17.7]],"o":[[0,0],[-0.7,0],[-0.6,-0.4],[-0.3,-0.6],[0,0],[0,-0.8],[0.3,-0.6],[0.6,-0.3],[0,0],[0.7,0],[0.6,0.3],[0.3,0.6],[0,0],[0,0.1],[0,0.1],[0,0],[0,0],[0,0.5],[0.2,0.4],[0.4,0.2],[0,0],[0.6,0],[0.4,-0.2],[0,0],[0,0],[-0.3,0.7],[-0.6,0.4],[0,0]]}}},{"ty":"sh","ks":{"a":0,"k":{"c":true,"i":[[0,0],[0,0],[0.2,0.4],[0.4,0.2],[0.5,0],[0,0],[0.4,-0.2],[0.2,-0.4],[0,-0.4],[0,0]],"v":[[2.1,13],[7,13],[6.7,11.8],[5.8,10.9],[4.5,10.6],[4.5,10.6],[3.3,10.9],[2.5,11.8],[2.1,13],[2.1,13]],"o":[[0,0],[0,-0.5],[-0.2,-0.4],[-0.4,-0.2],[0,0],[-0.4,0],[-0.4,0.2],[-0.2,0.4],[0,0],[0,0]]}}},{"ty":"fl","c":{"a":0,"k":[0.255,0.263,0.275]},"o":{"a":0,"k":100}}]},{"ind":47,"ty":3,"parent":44,"ks":{"p":{"a":0,"k":[11.28,0]}},"ip":0,"op":496,"st":0},{"ind":50,"ty":4,"parent":49,"ks":{},"ip":0,"op":496,"st":0,"shapes":[{"ty":"sh","ks":{"a":0,"k":{"c":true,"i":[[0,0],[0,0],[0,0],[0,0],[0,0],[0,0],[0,0],[0,0],[0,0],[0,0],[0,0]],"v":[[8.6,6.4],[9.9,6.4],[9.9,17.6],[8.6,17.6],[2.6,8.4],[2.6,17.6],[1.4,17.6],[1.4,6.4],[2.7,6.4],[8.6,15.5],[8.6,6.4]],"o":[[0,0],[0,0],[0,0],[0,0],[0,0],[0,0],[0,0],[0,0],[0,0],[0,0],[0,0]]}}},{"ty":"fl","c":{"a":0,"k":[0.255,0.263,0.275]},"o":{"a":0,"k":100}}]},{"ind":49,"ty":3,"parent":44,"ks":{},"ip":0,"op":496,"st":0},{"ind":44,"ty":3,"parent":31,"ks":{},"ip":0,"op":496,"st":0},{"ind":31,"ty":3,"parent":30,"ks":{},"ip":0,"op":496,"st":0},{"ind":30,"ty":3,"parent":1,"ks":{"p":{"a":1,"k":[{"t":0,"s":[209,-44],"i":{"x":[1,1],"y":[1,1]},"o":{"x":[0,0],"y":[0,0]}},{"t":31.92,"s":[209,-44],"i":{"x":[1,0],"y":[1,1]},"o":{"x":[0,0.5],"y":[0,0]}},{"t":61.92,"s":[209,34],"i":{"x":[1,1],"y":[1,1]},"o":{"x":[0,0],"y":[0,0]}},{"t":495,"s":[209,34],"h":1}]}},"ip":0,"op":496,"st":0},{"ind":55,"ty":4,"parent":54,"ks":{},"ip":0,"op":496,"st":0,"shapes":[{"ty":"sh","ks":{"a":0,"k":{"c":true,"i":[[0,0],[0,0],[0.7,0.4],[0.4,0.7],[0,0.9],[0,0],[-0.4,0.7],[-0.6,0.4],[-0.8,0],[0,0],[-0.6,-0.4],[-0.4,-0.6],[0,-0.8],[0,0],[0,-0.1],[0,-0.2],[0,0],[0,0],[-0.3,-0.4],[-0.4,-0.2],[-0.5,0],[0,0],[-0.5,0.3],[-0.2,0.5],[0,0],[0,0],[0.7,-0.4],[0.9,0]],"v":[[5.2,20.4],[5.2,20.4],[2.9,19.8],[1.4,18.1],[0.8,15.7],[0.8,15.7],[1.4,13.4],[2.9,11.8],[5.1,11.2],[5.1,11.2],[7.3,11.7],[8.8,13.2],[9.3,15.4],[9.3,15.4],[9.3,15.8],[9.3,16.3],[9.3,16.3],[2.3,16.3],[2.7,17.8],[3.7,18.8],[5.1,19.1],[5.1,19.1],[6.9,18.8],[8,17.6],[8,17.6],[9.1,18.1],[7.6,19.8],[5.2,20.4]],"o":[[0,0],[-0.8,0],[-0.7,-0.4],[-0.4,-0.7],[0,0],[0,-0.9],[0.4,-0.7],[0.6,-0.4],[0,0],[0.8,0],[0.6,0.4],[0.4,0.6],[0,0],[0,0.1],[0,0.1],[0,0],[0,0],[0,0.6],[0.3,0.4],[0.4,0.2],[0,0],[0.7,0],[0.5,-0.3],[0,0],[0,0],[-0.4,0.8],[-0.7,0.4],[0,0]]}}},{"ty":"sh","ks":{"a":0,"k":{"c":true,"i":[[0,0],[0,0],[0.2,0.4],[0.4,0.2],[0.6,0],[0,0],[0.4,-0.2],[0.3,-0.4],[0,-0.5],[0,0]],"v":[[2.3,15.1],[7.8,15.1],[7.5,13.7],[6.5,12.8],[5.1,12.5],[5.1,12.5],[3.8,12.8],[2.8,13.7],[2.3,15.1],[2.3,15.1]],"o":[[0,0],[0,-0.5],[-0.2,-0.4],[-0.4,-0.2],[0,0],[-0.5,0],[-0.4,0.2],[-0.3,0.4],[0,0],[0,0]]}}},{"ty":"fl","c":{"a":0,"k":[0,0,0]},"o":{"a":0,"k":100}}]},{"ind":54,"ty":3,"parent":53,"ks":{"p":{"a":0,"k":[55.602,0]}},"ip":0,"op":496,"st":0},{"ind":57,"ty":4,"parent":56,"ks":{},"ip":0,"op":496,"st":0,"shapes":[{"ty":"sh","ks":{"a":0,"k":{"c":true,"i":[[0,0],[0,0],[0,0],[0,0],[-0.5,0.2],[-0.6,0],[0,0],[-0.5,-0.3],[-0.3,-0.6],[0,-0.9],[0,0],[0,0],[0,0],[0,0],[0.4,0.5],[0.8,0],[0,0],[0.4,-0.5],[0,-1],[0,0],[0,0],[0,0]],"v":[[1.4,20.3],[1.4,11.3],[2.6,11.3],[2.7,12.6],[3.8,11.5],[5.5,11.2],[5.5,11.2],[7.3,11.6],[8.5,12.9],[8.9,15.1],[8.9,15.1],[8.9,20.3],[7.6,20.3],[7.6,15.3],[7,13.1],[5.2,12.4],[5.2,12.4],[3.4,13.2],[2.7,15.5],[2.7,15.5],[2.7,20.3],[1.4,20.3]],"o":[[0,0],[0,0],[0,0],[0.3,-0.4],[0.5,-0.2],[0,0],[0.7,0],[0.5,0.3],[0.3,0.6],[0,0],[0,0],[0,0],[0,0],[0,-0.9],[-0.4,-0.5],[0,0],[-0.8,0],[-0.4,0.5],[0,0],[0,0],[0,0],[0,0]]}}},{"ty":"fl","c":{"a":0,"k":[0,0,0]},"o":{"a":0,"k":100}}]},{"ind":56,"ty":3,"parent":53,"ks":{"p":{"a":0,"k":[45.468,0]}},"ip":0,"op":496,"st":0},{"ind":59,"ty":4,"parent":58,"ks":{},"ip":0,"op":496,"st":0,"shapes":[{"ty":"sh","ks":{"a":0,"k":{"c":true,"i":[[0,0],[0,0],[0,0],[0,0],[0,0]],"v":[[1.7,20.3],[1.7,11.3],[3,11.3],[3,20.3],[1.7,20.3]],"o":[[0,0],[0,0],[0,0],[0,0],[0,0]]}}},{"ty":"sh","ks":{"a":0,"k":{"c":true,"i":[[0,0],[0,0],[0.2,0.2],[0,0.3],[0,0],[-0.2,0.2],[-0.3,0],[0,0],[-0.2,-0.2],[0,-0.3],[0,0],[0.2,-0.2],[0.3,0]],"v":[[2.3,9.5],[2.3,9.5],[1.7,9.2],[1.4,8.6],[1.4,8.6],[1.7,7.9],[2.3,7.6],[2.3,7.6],[3,7.9],[3.3,8.6],[3.3,8.6],[3,9.2],[2.3,9.5]],"o":[[0,0],[-0.3,0],[-0.2,-0.2],[0,0],[0,-0.3],[0.2,-0.2],[0,0],[0.3,0],[0.2,0.2],[0,0],[0,0.3],[-0.2,0.2],[0,0]]}}},{"ty":"fl","c":{"a":0,"k":[0,0,0]},"o":{"a":0,"k":100}}]},{"ind":58,"ty":3,"parent":53,"ks":{"p":{"a":0,"k":[40.824,0]}},"ip":0,"op":496,"st":0},{"ind":61,"ty":4,"parent":60,"ks":{},"ip":0,"op":496,"st":0,"shapes":[{"ty":"sh","ks":{"a":0,"k":{"c":true,"i":[[0,0],[0,0],[0,0],[0,0],[0,0]],"v":[[1.4,20.3],[1.4,7.3],[2.7,7.3],[2.7,20.3],[1.4,20.3]],"o":[[0,0],[0,0],[0,0],[0,0],[0,0]]}}},{"ty":"fl","c":{"a":0,"k":[0,0,0]},"o":{"a":0,"k":100}}]},{"ind":60,"ty":3,"parent":53,"ks":{"p":{"a":0,"k":[36.72,0]}},"ip":0,"op":496,"st":0},{"ind":63,"ty":4,"parent":62,"ks":{},"ip":0,"op":496,"st":0,"shapes":[{"ty":"sh","ks":{"a":0,"k":{"c":true,"i":[[0,0],[0,0],[0.7,0.4],[0.4,0.7],[0,0.9],[0,0],[-0.4,0.7],[-0.6,0.4],[-0.8,0],[0,0],[-0.6,-0.4],[-0.4,-0.6],[0,-0.8],[0,0],[0,-0.1],[0,-0.2],[0,0],[0,0],[-0.3,-0.4],[-0.4,-0.2],[-0.5,0],[0,0],[-0.5,0.3],[-0.2,0.5],[0,0],[0,0],[0.7,-0.4],[0.9,0]],"v":[[5.2,20.4],[5.2,20.4],[2.9,19.8],[1.4,18.1],[0.8,15.7],[0.8,15.7],[1.4,13.4],[2.9,11.8],[5.1,11.2],[5.1,11.2],[7.3,11.7],[8.8,13.2],[9.3,15.4],[9.3,15.4],[9.3,15.8],[9.3,16.3],[9.3,16.3],[2.3,16.3],[2.7,17.8],[3.7,18.8],[5.1,19.1],[5.1,19.1],[6.9,18.8],[8,17.6],[8,17.6],[9.1,18.1],[7.6,19.8],[5.2,20.4]],"o":[[0,0],[-0.8,0],[-0.7,-0.4],[-0.4,-0.7],[0,0],[0,-0.9],[0.4,-0.7],[0.6,-0.4],[0,0],[0.8,0],[0.6,0.4],[0.4,0.6],[0,0],[0,0.1],[0,0.1],[0,0],[0,0],[0,0.6],[0.3,0.4],[0.4,0.2],[0,0],[0.7,0],[0.5,-0.3],[0,0],[0,0],[-0.4,0.8],[-0.7,0.4],[0,0]]}}},{"ty":"sh","ks":{"a":0,"k":{"c":true,"i":[[0,0],[0,0],[0.2,0.4],[0.4,0.2],[0.6,0],[0,0],[0.4,-0.2],[0.3,-0.4],[0,-0.5],[0,0]],"v":[[2.3,15.1],[7.8,15.1],[7.5,13.7],[6.5,12.8],[5.1,12.5],[5.1,12.5],[3.8,12.8],[2.8,13.7],[2.3,15.1],[2.3,15.1]],"o":[[0,0],[0,-0.5],[-0.2,-0.4],[-0.4,-0.2],[0,0],[-0.5,0],[-0.4,0.2],[-0.3,0.4],[0,0],[0,0]]}}},{"ty":"fl","c":{"a":0,"k":[0,0,0]},"o":{"a":0,"k":100}}]},{"ind":62,"ty":3,"parent":53,"ks":{"p":{"a":0,"k":[26.568,0]}},"ip":0,"op":496,"st":0},{"ind":65,"ty":4,"parent":64,"ks":{},"ip":0,"op":496,"st":0,"shapes":[{"ty":"sh","ks":{"a":0,"k":{"c":true,"i":[[0,0],[0,0],[0,0],[0,0],[0,0],[0,0],[0,0],[0,0],[-0.5,0.3],[-0.8,0],[0,0],[-0.6,-0.4],[-0.4,-0.7],[0,-0.9],[0,0],[0.3,-0.7],[0.6,-0.4],[0.8,0],[0,0],[0.6,0.4],[0.3,0.6]],"v":[[2.6,18.5],[2.6,18.5],[2.7,18.5],[2.7,23.9],[1.4,23.9],[1.4,11.3],[2.6,11.3],[2.7,13],[3.9,11.7],[6,11.2],[6,11.2],[8.1,11.7],[9.6,13.3],[10.1,15.8],[10.1,15.8],[9.6,18.2],[8.1,19.9],[6,20.4],[6,20.4],[3.8,19.9],[2.6,18.5]],"o":[[0,0],[0,0],[0,0],[0,0],[0,0],[0,0],[0,0],[0.3,-0.5],[0.5,-0.3],[0,0],[0.8,0],[0.6,0.4],[0.4,0.7],[0,0],[0,0.9],[-0.3,0.7],[-0.6,0.4],[0,0],[-0.9,0],[-0.6,-0.4],[0,0]]}}},{"ty":"sh","ks":{"a":0,"k":{"c":true,"i":[[0,0],[0,0],[0.5,0.6],[0.9,0],[0,0],[0.5,-0.3],[0.3,-0.5],[0,-0.7],[0,0],[-0.3,-0.5],[-0.4,-0.3],[-0.6,0],[0,0],[-0.5,0.6],[0,1]],"v":[[8.6,15.8],[8.6,15.8],[7.8,13.3],[5.7,12.4],[5.7,12.4],[4.2,12.8],[3.1,14],[2.7,15.8],[2.7,15.8],[3.1,17.6],[4.2,18.8],[5.7,19.2],[5.7,19.2],[7.8,18.3],[8.6,15.8]],"o":[[0,0],[0,-1],[-0.5,-0.6],[0,0],[-0.6,0],[-0.4,0.3],[-0.3,0.5],[0,0],[0,0.7],[0.3,0.5],[0.5,0.3],[0,0],[0.9,0],[0.5,-0.6],[0,0]]}}},{"ty":"fl","c":{"a":0,"k":[0,0,0]},"o":{"a":0,"k":100}}]},{"ind":64,"ty":3,"parent":53,"ks":{"p":{"a":0,"k":[15.66,0]}},"ip":0,"op":496,"st":0},{"ind":67,"ty":4,"parent":66,"ks":{},"ip":0,"op":496,"st":0,"shapes":[{"ty":"sh","ks":{"a":0,"k":{"c":true,"i":[[0,0],[0,0],[0,0],[0,0],[0,0]],"v":[[1.7,20.3],[1.7,11.3],[3,11.3],[3,20.3],[1.7,20.3]],"o":[[0,0],[0,0],[0,0],[0,0],[0,0]]}}},{"ty":"sh","ks":{"a":0,"k":{"c":true,"i":[[0,0],[0,0],[0.2,0.2],[0,0.3],[0,0],[-0.2,0.2],[-0.3,0],[0,0],[-0.2,-0.2],[0,-0.3],[0,0],[0.2,-0.2],[0.3,0]],"v":[[2.3,9.5],[2.3,9.5],[1.7,9.2],[1.4,8.6],[1.4,8.6],[1.7,7.9],[2.3,7.6],[2.3,7.6],[3,7.9],[3.3,8.6],[3.3,8.6],[3,9.2],[2.3,9.5]],"o":[[0,0],[-0.3,0],[-0.2,-0.2],[0,0],[0,-0.3],[0.2,-0.2],[0,0],[0.3,0],[0.2,0.2],[0,0],[0,0.3],[-0.2,0.2],[0,0]]}}},{"ty":"fl","c":{"a":0,"k":[0,0,0]},"o":{"a":0,"k":100}}]},{"ind":66,"ty":3,"parent":53,"ks":{"p":{"a":0,"k":[11.016,0]}},"ip":0,"op":496,"st":0},{"ind":69,"ty":4,"parent":68,"ks":{},"ip":0,"op":496,"st":0,"shapes":[{"ty":"sh","ks":{"a":0,"k":{"c":true,"i":[[0,0],[0,0],[-0.4,0.2],[-0.2,0.4],[0,0.5],[0,0],[0.5,0.4],[1,0],[0,0],[0,0],[0,0]],"v":[[3,13.9],[6,13.9],[7.6,13.6],[8.5,12.7],[8.8,11.4],[8.8,11.4],[8.2,9.6],[6,9],[6,9],[3,9],[3,13.9]],"o":[[0,0],[0.7,0],[0.4,-0.2],[0.2,-0.4],[0,0],[0,-0.8],[-0.4,-0.4],[0,0],[0,0],[0,0],[0,0]]}}},{"ty":"sh","ks":{"a":0,"k":{"c":true,"i":[[0,0],[0,0],[0.2,-0.4],[0.3,-0.3],[0.5,-0.2],[0.8,0],[0,0],[0,0],[0,0],[0,0],[0,0],[0,0],[-0.6,-0.3],[-0.3,-0.6],[0,-0.7]],"v":[[10.3,11.4],[10.3,11.4],[10,12.8],[9.3,14],[7.9,14.9],[6,15.2],[6,15.2],[3,15.2],[3,20.3],[1.5,20.3],[1.5,7.7],[6,7.7],[8.4,8.2],[9.8,9.6],[10.3,11.4]],"o":[[0,0],[0,0.5],[-0.2,0.5],[-0.3,0.3],[-0.5,0.2],[0,0],[0,0],[0,0],[0,0],[0,0],[0,0],[1,0],[0.6,0.3],[0.3,0.6],[0,0]]}}},{"ty":"fl","c":{"a":0,"k":[0,0,0]},"o":{"a":0,"k":100}}]},{"ind":68,"ty":3,"parent":53,"ks":{},"ip":0,"op":496,"st":0},{"ind":53,"ty":3,"parent":52,"ks":{},"ip":0,"op":496,"st":0},{"ind":52,"ty":3,"parent":51,"ks":{},"ip":0,"op":496,"st":0},{"ind":51,"ty":3,"parent":1,"ks":{"p":{"a":1,"k":[{"t":0,"s":[-71,83],"i":{"x":[1,1],"y":[1,1]},"o":{"x":[0,0],"y":[0,0]}},{"t":73.92,"s":[-71,83],"i":{"x":[0,1],"y":[1,1]},"o":{"x":[0.5,0],"y":[0,0]}},{"t":103.38,"s":[40,83],"i":{"x":[1,1],"y":[1,1]},"o":{"x":[0,0],"y":[0,0]}},{"t":495,"s":[40,83],"h":1}]}},"ip":0,"op":496,"st":0},{"ind":109,"ty":0,"parent":1,"ks":{"o":{"a":1,"k":[{"t":0,"s":[0],"h":1},{"t":74.4,"s":[0],"i":{"x":1,"y":1},"o":{"x":0,"y":0}},{"t":103.38,"s":[100],"h":1},{"t":495,"s":[100],"h":1}]},"p":{"a":1,"k":[{"t":0,"s":[619,87],"i":{"x":[1,1],"y":[1,1]},"o":{"x":[0,0],"y":[0,0]}},{"t":74.4,"s":[619,87],"i":{"x":[0,1],"y":[1,1]},"o":{"x":[0.5,0],"y":[0,0]}},{"t":103.38,"s":[334,87],"i":{"x":[1,1],"y":[1,1]},"o":{"x":[0,0],"y":[0,0]}},{"t":495,"s":[334,87],"h":1}]}},"w":132,"h":21,"ip":0,"op":496,"st":0,"refId":"107"},{"ind":139,"ty":0,"parent":1,"ks":{"o":{"a":1,"k":[{"t":0,"s":[0],"h":1},{"t":74.4,"s":[0],"i":{"x":1,"y":1},"o":{"x":0,"y":0}},{"t":103.38,"s":[100],"h":1},{"t":495,"s":[100],"h":1}]},"p":{"a":1,"k":[{"t":0,"s":[656,87],"i":{"x":[1,1],"y":[1,1]},"o":{"x":[0,0],"y":[0,0]}},{"t":74.4,"s":[656,87],"i":{"x":[0,1],"y":[1,1]},"o":{"x":[0.5,0],"y":[0,0]}},{"t":103.38,"s":[506,87],"i":{"x":[1,1],"y":[1,1]},"o":{"x":[0,0],"y":[0,0]}},{"t":495,"s":[506,87],"h":1}]}},"w":95,"h":21,"ip":0,"op":496,"st":0,"refId":"137"},{"ind":189,"ty":0,"parent":140,"ks":{"a":{"a":0,"k":[32,146]},"p":{"a":0,"k":[32,146]}},"w":576,"h":334,"ip":0,"op":496,"st":0,"refId":"187"},{"ind":140,"ty":3,"parent":1,"ks":{"p":{"a":0,"k":[32,146]}},"ip":0,"op":496,"st":0},{"ind":211,"ty":0,"parent":1,"ks":{"o":{"a":1,"k":[{"t":0,"s":[0],"h":1},{"t":89.52,"s":[0],"h":1},{"t":89.52,"s":[100],"h":1},{"t":495,"s":[100],"h":1}]},"p":{"a":0,"k":[32,311]}},"w":576,"h":1,"ip":0,"op":496,"st":0,"refId":"209"},{"ind":309,"ty":0,"parent":1,"ks":{"o":{"a":1,"k":[{"t":0,"s":[0],"i":{"x":1,"y":1},"o":{"x":0,"y":0}},{"t":43.5,"s":[100],"h":1},{"t":495,"s":[100],"h":1}]},"p":{"a":1,"k":[{"t":0,"s":[0,345],"i":{"x":[1,0],"y":[1,1]},"o":{"x":[0,0.5],"y":[0,0]}},{"t":71.4,"s":[0,48],"i":{"x":[1,1],"y":[1,1]},"o":{"x":[0,0],"y":[0,0]}},{"t":495,"s":[0,48],"h":1}]}},"w":610,"h":432,"ip":0,"op":496,"st":0,"refId":"307"},{"ind":1,"ty":3,"parent":0,"ks":{},"ip":0,"op":496,"st":0},{"ind":310,"ty":4,"parent":0,"ks":{},"ip":0,"op":496,"st":0,"shapes":[{"ty":"rc","p":{"a":0,"k":[320,240]},"r":{"a":0,"k":0},"s":{"a":0,"k":[640,480]}},{"ty":"fl","c":{"a":0,"k":[1,1,1]},"o":{"a":0,"k":100}}]},{"ind":0,"ty":3,"ks":{},"ip":0,"op":496,"st":0}],"meta":{"g":"https://jitter.video"},"op":495,"v":"5.7.4","w":640}